date,open,high,low,close,volume,symbol
2023-01-04,34.675877,34.675877,34.675877,34.6759,535920.0,SDTTR
2023-01-05,38.14347,38.14347,38.14347,38.1435,1322171.84,SDTTR
2023-01-06,41.945995,41.945995,41.945995,41.946,2814623.16,SDTTR
2023-01-09,46.122852,46.122852,46.122852,46.1229,3071298.36,SDTTR
2023-01-10,50.733166,50.733166,50.733166,50.7332,4536223.0,SDTTR
2023-01-11,55.806488,55.806488,55.806488,55.8065,7541928.0,SDTTR
2023-01-12,61.372364,61.372364,61.372364,61.3724,14385444.0,SDTTR
2023-01-13,67.45245,67.48004,65.90387,67.48,788935187.0,SDTTR
2023-01-16,72.234184,74.22805,68.21888,74.2281,352904622.0,SDTTR
2023-01-17,81.5878,81.61637,80.58201,81.6164,78373276.0,SDTTR
2023-01-18,89.74353,89.74353,89.74353,89.7435,32805748.0,SDTTR
2023-01-19,97.00182,98.70803,91.96003,98.708,181970478.0,SDTTR
2023-01-20,106.49139,108.559135,102.0574,108.5591,337747945.0,SDTTR
2023-01-23,110.8505,117.72066,103.436554,108.8547,380712517.0,SDTTR
2023-01-24,100.83292,106.982956,97.9692,97.9692,220434971.0,SDTTR
2023-01-25,101.850525,107.67254,94.07801,107.6725,198003264.0,SDTTR
2023-01-26,116.925674,118.41023,109.44574,118.4102,175714343.0,SDTTR
2023-01-27,127.47817,130.23157,120.97152,130.2316,322792702.0,SDTTR
2023-01-30,127.95694,141.36328,117.2281,133.975,291356655.0,SDTTR
2023-01-31,125.1011,131.5122,120.577484,120.5775,173267564.0,SDTTR
2023-02-01,110.86527,117.81917,108.559135,108.5591,105432095.0,SDTTR
2023-02-02,99.57691,106.29337,97.72292,99.4961,184552107.0,SDTTR
2023-02-03,97.66676,103.83061,91.96003,99.4961,131639357.0,SDTTR
2023-02-06,91.24484,96.39303,89.54651,89.5465,83757537.0,SDTTR
2023-02-07,82.962036,89.49725,80.631256,80.6313,66531698.0,SDTTR
2023-02-15,84.73228,88.46289,76.00124,85.6553,371160313.0,SDTTR
2023-02-16,81.03023,89.9898,77.13412,78.4148,301242105.0,SDTTR
2023-02-17,75.06835,83.2418,71.32197,71.7653,281683891.0,SDTTR
2023-02-20,71.27271,73.48922,68.95771,70.8294,213403599.0,SDTTR
2023-02-21,74.33542,77.87296,69.006966,75.7057,311652847.0,SDTTR
2023-02-22,79.42056,83.2418,73.636986,83.2418,152796239.0,SDTTR
2023-02-23,89.19778,91.56598,84.86723,91.566,80393298.0,SDTTR
2023-02-24,94.03466,100.08719,84.965744,93.0929,695195495.0,SDTTR
2023-02-27,95.52219,98.21547,90.236084,94.4228,346842485.0,SDTTR
2023-02-28,93.69283,97.18111,90.925674,92.8466,425452841.0,SDTTR
2023-03-01,93.015076,95.85122,90.67938,91.9108,468057946.0,SDTTR
2023-03-02,90.27746,93.4377,86.29565,86.4434,208421784.0,SDTTR
2023-03-03,89.46867,92.69886,83.931366,89.054,390873902.0,SDTTR
2023-03-06,90.87247,92.60035,88.709175,89.842,213200533.0,SDTTR
2023-03-07,91.827034,95.01386,88.65991,90.6301,414661755.0,SDTTR
2023-03-08,96.97621,99.69314,89.8913,99.6931,411372350.0,SDTTR
2023-03-09,105.80476,109.64276,99.200584,100.4812,744982927.0,SDTTR
2023-03-10,101.85545,106.19488,96.540794,101.9589,421133519.0,SDTTR
2023-03-13,109.580696,112.10553,102.648476,112.1055,517242130.0,SDTTR
2023-03-14,117.73346,122.64621,110.13531,115.3564,980058489.0,SDTTR
2023-03-15,122.05119,126.88218,115.84895,126.8822,892409428.0,SDTTR
2023-03-16,135.38074,139.49161,130.6256,139.4916,984798563.0,SDTTR
2023-03-17,145.484,152.19951,136.24074,145.6978,1182022577.0,SDTTR
2023-03-20,136.44366,149.14566,131.21666,131.2167,832256186.0,SDTTR
2023-03-21,131.3723,142.34842,119.59237,134.4675,1739456065.0,SDTTR
2023-03-22,139.14977,142.9395,129.24641,129.2464,698254828.0,SDTTR
2023-03-23,127.45356,134.36902,123.4343,124.5179,574821652.0,SDTTR
2023-03-24,131.78015,136.9303,123.335785,134.9601,911906600.0,SDTTR
2023-03-27,132.4963,137.7184,128.35985,128.3598,510511552.0,SDTTR
2023-03-28,121.61775,127.8673,117.03108,120.1834,387376833.0,SDTTR
2023-03-29,123.75347,130.33006,113.977234,120.2819,776619602.0,SDTTR
2023-03-30,128.25935,132.3003,121.661095,132.3003,617921965.0,SDTTR
2023-03-31,139.50046,144.02309,134.46754,137.4229,1108813996.0,SDTTR
2023-04-03,130.24928,140.08267,125.60154,126.2911,745311035.0,SDTTR
2023-04-04,116.70303,128.16283,113.68171,114.2728,1068125244.0,SDTTR
2023-04-05,119.21508,123.335785,114.96234,118.7058,629887554.0,SDTTR
2023-04-06,120.96069,124.22238,116.53853,119.3953,408364012.0,SDTTR
2023-04-07,117.50295,121.56259,114.27276,116.046,331069431.0,SDTTR
2023-04-10,116.95916,119.0013,114.765335,116.44,293962605.0,SDTTR
2023-04-11,113.53887,118.0162,111.51446,112.1055,231230150.0,SDTTR
2023-04-12,115.08944,118.50874,110.62787,113.3862,248989022.0,SDTTR
2023-04-13,113.077835,115.25789,111.31744,112.3026,147459171.0,SDTTR
2023-04-14,112.50056,115.15937,110.43085,111.9085,347967192.0,SDTTR
2023-04-17,108.79162,112.893616,104.42168,105.1112,182312649.0,SDTTR
2023-04-18,109.028046,114.56831,102.25443,110.3323,626642610.0,SDTTR
2023-04-19,107.595695,111.31744,105.70232,105.9978,191681741.0,SDTTR
2023-04-20,104.46699,106.88445,103.633575,104.3232,58704951.0,SDTTR
2023-04-24,105.45307,108.263596,103.14103,103.9291,186827873.0,SDTTR
2023-04-25,101.32054,104.81571,98.80655,99.4961,127603100.0,SDTTR
2023-04-26,98.01255,101.8604,95.26015,95.5557,265572554.0,SDTTR
2023-04-27,99.452774,102.45145,95.06313,100.7768,268470809.0,SDTTR
2023-04-28,97.652985,102.8455,95.407906,95.9005,128471015.0,SDTTR
2023-05-02,91.12859,97.32888,86.59118,86.5912,228672176.0,SDTTR
2023-05-03,81.1051,86.98522,78.80881,81.2223,194083764.0,SDTTR
2023-05-04,86.733025,89.30023,79.793915,85.6061,299145107.0,SDTTR
2023-05-05,83.488075,86.98522,81.61637,82.2567,116545121.0,SDTTR
2023-05-08,81.64888,84.4732,79.547646,81.9119,190264068.0,SDTTR
2023-05-09,81.16815,83.73437,77.72519,77.7744,95466236.0,SDTTR
2023-05-10,78.90338,81.665634,75.656456,78.8088,111608145.0,SDTTR
2023-05-11,81.26174,84.52245,76.9371,81.9612,171233122.0,SDTTR
2023-05-12,83.29993,86.68969,80.77903,83.5373,138637042.0,SDTTR
2023-05-15,87.396996,90.63013,78.85807,86.1971,217099625.0,SDTTR
2023-05-16,91.698975,94.81684,86.78819,94.8168,170587897.0,SDTTR
2023-05-17,102.29384,104.22464,97.42739,104.2246,76900396.0,SDTTR
2023-05-18,106.20964,112.30255,100.1857,103.9291,673232802.0,SDTTR
2023-05-22,109.421104,114.27276,104.42168,114.2728,455670171.0,SDTTR
2023-05-23,119.83076,123.92686,114.765335,117.1296,615807463.0,SDTTR
2023-05-24,110.58945,118.1147,106.19488,109.4457,475166676.0,SDTTR
2023-05-25,113.24531,116.83405,106.785934,112.7951,410397614.0,SDTTR
2023-05-26,113.44232,115.94746,111.31744,114.1743,234742453.0,SDTTR
2023-05-29,124.45191,125.50304,117.81917,125.503,525607306.0,SDTTR
2023-05-30,128.38744,132.49731,124.320885,125.6015,729660268.0,SDTTR
2023-05-31,123.649055,128.26135,120.18343,120.676,351535242.0,SDTTR
2023-06-01,122.44623,125.50304,120.380455,121.1685,219658292.0,SDTTR
2023-06-02,121.6079,123.72983,119.198326,122.3507,231284481.0,SDTTR
2023-06-05,122.35757,124.61643,121.07003,121.5626,245638148.0,SDTTR
2023-06-06,117.99944,122.05514,116.53853,116.7355,188642748.0,SDTTR
2023-06-07,119.85934,122.64621,115.84895,119.0013,439507724.0,SDTTR
2023-06-08,116.53853,119.986404,114.371284,114.7653,194869186.0,SDTTR
2023-06-09,115.08549,117.425125,113.28766,113.7802,145817452.0,SDTTR
2023-06-12,113.97921,116.63704,111.908516,112.1055,198677731.0,SDTTR
2023-06-13,109.098976,112.30255,105.6038,105.6038,119248897.0,SDTTR
2023-06-14,113.098526,116.144485,104.6187,116.1445,327352538.0,SDTTR
2023-06-15,114.131905,120.18343,111.12043,111.9085,341881175.0,SDTTR
2023-06-16,116.36175,120.00133,111.79695,114.4659,305941222.0,SDTTR
2023-06-19,111.999596,116.34395,107.744194,107.7442,146210864.0,SDTTR
2023-06-20,110.135315,113.57622,104.77875,110.5119,163695062.0,SDTTR
2023-06-21,109.44734,113.18082,107.15111,108.2384,111222589.0,SDTTR
2023-06-22,110.02955,112.58773,107.15111,110.5119,158797519.0,SDTTR
2023-06-23,111.83155,113.47738,109.81999,111.9947,155647284.0,SDTTR
2023-06-26,114.45497,117.43129,112.29119,114.6635,278453225.0,SDTTR
2023-06-27,115.739,118.32091,112.88427,115.2566,125979261.0,SDTTR
2023-07-03,120.45701,123.95524,116.838196,120.891,290635063.0,SDTTR
2023-07-04,118.99506,121.78058,117.134735,117.7278,202461969.0,SDTTR
2023-07-05,120.69524,123.461006,118.32091,119.7048,278927729.0,SDTTR
2023-07-06,120.99672,123.263306,119.111694,120.4956,460677409.0,SDTTR
2023-07-07,126.642914,132.45615,119.111694,125.3391,727164297.0,SDTTR
2023-07-10,134.53691,137.79395,128.50224,137.7939,350764986.0,SDTTR
2023-07-11,145.00392,150.05109,137.39857,143.626,855362419.0,SDTTR
2023-07-12,138.7498,143.62599,136.90433,136.9043,423992625.0,SDTTR
2023-07-13,143.45299,150.54532,134.92735,143.3294,740393577.0,SDTTR
2023-07-14,140.4579,144.51561,138.38704,139.2767,317141906.0,SDTTR
2023-07-17,143.87605,147.67873,139.67206,142.6375,340603253.0,SDTTR
2023-07-18,139.74818,144.911,129.58957,134.0377,280914789.0,SDTTR
2023-07-19,141.50867,147.38219,130.08382,147.3822,491892916.0,SDTTR
2023-07-20,158.77243,162.11053,152.22574,162.1105,189586815.0,SDTTR
2023-07-21,174.49023,178.32158,163.19786,178.3216,1584584454.0,SDTTR
2023-07-24,193.62816,196.1142,182.96744,196.1142,645986941.0,SDTTR
2023-07-25,196.9969,211.33678,176.54234,197.5969,1486248389.0,SDTTR
2023-07-26,198.12576,212.12756,182.37434,195.1257,1685559018.0,SDTTR
2023-07-27,205.72122,214.59877,197.7946,214.5988,1304452477.0,SDTTR
2023-07-28,231.71425,236.04874,224.87892,236.0487,515744167.0,SDTTR
2023-07-31,250.60805,259.37683,225.0766,251.9632,1778559418.0,SDTTR
2023-08-01,257.28723,269.75586,239.31075,246.3289,1516981933.0,SDTTR
2023-08-02,247.4034,255.52177,235.85103,246.5266,1065021609.0,SDTTR
2023-08-03,263.20325,271.1397,243.56116,271.1397,1287029292.0,SDTTR
2023-08-04,293.16302,298.2241,275.29132,298.2241,1499132679.0,SDTTR
2023-08-07,322.01877,327.97723,306.4284,327.9772,627638571.0,SDTTR
2023-08-08,349.2691,360.59705,327.97723,346.6595,2516202708.0,SDTTR
2023-08-09,372.53888,381.25626,349.03192,381.2563,907712922.0,SDTTR
2023-08-10,410.709,419.3127,381.25626,419.3127,2167064766.0,SDTTR
2023-08-11,446.07184,458.65414,420.30118,439.1811,2496168550.0,SDTTR
2023-08-14,418.27478,463.8931,395.2927,395.2927,4605884801.0,SDTTR
2023-08-15,358.19012,382.54126,355.8524,355.8524,544294283.0,SDTTR
2023-08-16,321.2141,330.64615,320.2671,320.2671,337006565.0,SDTTR
2023-08-17,327.6491,352.29382,289.822,352.2938,1549707420.0,SDTTR
2023-08-18,382.67178,387.48367,360.30054,387.4837,1772723361.0,SDTTR
2023-08-21,408.80914,420.0046,390.4491,399.8397,1707138139.0,SDTTR
2023-08-22,389.75815,416.1496,366.23138,380.2678,3590952425.0,SDTTR
2023-08-23,369.43307,384.41943,349.62497,356.742,1341500616.0,SDTTR
2023-08-24,369.8077,389.46066,341.81595,365.1441,2165406453.0,SDTTR
2023-08-25,356.29025,374.93,342.5079,356.5443,1135470634.0,SDTTR
2023-08-28,368.52072,377.59894,350.51462,361.9809,1017091202.0,SDTTR
2023-08-29,365.35855,383.5298,349.1307,361.289,1596938971.0,SDTTR
2023-08-31,368.45346,377.59894,358.71896,368.7026,999474745.0,SDTTR
2023-09-01,365.28543,374.04034,360.30054,362.0798,642893258.0,SDTTR
2023-09-04,377.34885,392.92032,351.00882,373.2496,1422829211.0,SDTTR
2023-09-05,388.56317,410.51526,362.7717,410.5153,1957119270.0,SDTTR
2023-09-06,434.22192,450.64746,414.07376,422.1794,2533524448.0,SDTTR
2023-09-07,412.31528,434.9307,392.12955,404.782,1898262226.0,SDTTR
2023-09-08,394.7668,411.20718,379.47702,386.9895,883001824.0,SDTTR
2023-09-11,372.9619,395.3915,360.79477,364.4521,578462735.0,SDTTR
2023-09-12,364.7902,378.09314,346.9561,364.4521,668255508.0,SDTTR
2023-09-13,370.16953,382.54126,359.11435,361.1902,742029649.0,SDTTR
2023-09-14,349.63977,364.8475,336.77472,358.1259,485899230.0,SDTTR
2023-09-15,373.3277,383.4309,355.16043,372.6565,973537397.0,SDTTR
2023-09-18,373.42065,387.87906,346.85724,346.8572,659875221.0,SDTTR
2023-09-19,363.32727,381.45395,341.51944,381.4539,898464856.0,SDTTR
2023-09-20,384.13373,397.46735,360.89365,365.4406,1420874161.0,SDTTR
2023-09-21,371.6147,387.87906,358.91666,375.0288,751807281.0,SDTTR
2023-09-22,391.78857,402.5086,377.50003,387.8791,1164385931.0,SDTTR
2023-09-25,406.46545,421.68503,391.43762,405.2763,1342749903.0,SDTTR
2023-09-26,391.31503,410.21872,381.05856,382.5413,779408494.0,SDTTR
2023-09-27,381.72678,393.3157,374.63342,375.8196,504705651.0,SDTTR
2023-09-28,371.68387,381.45395,363.66132,365.836,370355127.0,SDTTR
2023-09-29,370.60443,377.50003,360.89365,370.6795,394537254.0,SDTTR
2023-10-02,372.30167,379.08163,366.23138,366.2314,373252617.0,SDTTR
2023-10-03,367.3227,375.12772,362.27747,367.1211,465836248.0,SDTTR
2023-10-04,363.3223,372.26114,357.33508,358.027,422765813.0,SDTTR
2023-10-05,366.86993,374.63342,356.1489,367.0222,690458510.0,SDTTR
2023-10-06,362.0007,366.72568,359.50977,359.6086,274838100.0,SDTTR
2023-10-09,392.02673,395.4904,364.7487,395.4904,398693659.0,SDTTR
2023-10-10,409.64935,433.84332,396.87424,397.3685,2264568253.0,SDTTR
2023-10-11,391.27353,413.67834,375.62198,376.8081,1013976644.0,SDTTR
2023-10-12,391.8775,406.759,372.85422,379.6747,2139496157.0,SDTTR
2023-10-13,385.10742,396.38,374.63342,377.5989,754173194.0,SDTTR
2023-10-16,364.91968,385.30902,351.00882,352.4915,544263140.0,SDTTR
2023-10-17,358.02112,370.67953,342.90326,359.6086,516385149.0,SDTTR
2023-10-18,370.4581,388.86755,357.9282,358.3236,721283295.0,SDTTR
2023-10-19,357.16803,365.2429,348.933,352.4915,413644897.0,SDTTR
2023-10-20,345.41406,364.6498,327.97723,331.9312,524843722.0,SDTTR
2023-10-23,330.55426,346.65955,317.40054,333.5127,446141718.0,SDTTR
2023-10-24,335.51346,340.53094,328.76807,336.0828,430197733.0,SDTTR
2023-10-25,328.94104,344.4849,302.47452,302.9687,516231679.0,SDTTR
2023-10-26,309.62515,321.55212,296.54364,314.7316,496413997.0,SDTTR
2023-10-27,307.37943,316.30243,300.96237,309.1767,297270228.0,SDTTR
2023-10-30,319.80786,334.01773,304.5252,317.1931,552450113.0,SDTTR
2023-10-31,310.32968,320.3601,303.3376,305.8118,267860514.0,SDTTR
2023-11-01,298.07245,311.74988,290.57068,298.5871,259662491.0,SDTTR
2023-11-02,302.90704,308.68185,297.20154,303.4366,237662213.0,SDTTR
2023-11-03,300.5081,305.61383,296.90463,302.8427,178454088.0,SDTTR
2023-11-06,310.1921,316.45087,303.3376,310.7602,230843709.0,SDTTR
2023-11-07,315.71158,329.56415,305.31696,312.7396,324705208.0,SDTTR
2023-11-08,313.30667,320.4096,308.78082,312.7396,217414743.0,SDTTR
2023-11-09,308.12964,314.4715,302.84274,312.987,155581113.0,SDTTR
2023-11-10,316.25095,328.82187,309.02826,309.2757,304894427.0,SDTTR
2023-11-13,301.70065,312.987,292.9459,292.9459,213797372.0,SDTTR
2023-11-14,290.45782,298.63657,285.02847,290.4717,195002648.0,SDTTR
2023-11-15,311.642,319.4199,298.884,319.4199,527022282.0,SDTTR
2023-11-16,338.6227,351.33716,315.70862,315.7086,1630246214.0,SDTTR
2023-11-17,322.22565,333.27548,311.74988,318.6777,401287489.0,SDTTR
2023-11-20,324.06052,330.55383,320.65704,323.1312,261776808.0,SDTTR
2023-11-21,316.532,325.85284,312.73956,316.2034,211982521.0,SDTTR
2023-11-22,317.016,321.39926,312.987,314.4715,284252809.0,SDTTR
2023-11-23,313.97958,319.4199,309.77048,309.7705,228028009.0,SDTTR
2023-11-24,315.98462,323.03592,309.6587,311.8882,307095536.0,SDTTR
2023-11-27,312.2162,317.58594,308.1723,308.1723,200570474.0,SDTTR
2023-11-28,306.9466,313.12686,303.21777,309.6587,273833465.0,SDTTR
2023-11-29,302.54495,311.64047,297.0246,298.2632,156153263.0,SDTTR
2023-11-30,302.34677,309.1632,292.31778,309.1632,207344976.0,SDTTR
2023-12-01,301.92166,312.13596,298.51096,299.9973,139158376.0,SDTTR
2023-12-04,295.73645,303.96094,291.82236,293.061,137917522.0,SDTTR
2023-12-05,298.45645,303.7132,292.31778,296.7769,165941330.0,SDTTR
2023-12-06,290.12592,297.0246,285.62918,286.3723,161829850.0,SDTTR
2023-12-07,284.1418,296.77686,276.46326,289.3451,152382922.0,SDTTR
2023-12-08,286.95993,292.07007,285.13373,287.1155,92619912.0,SDTTR
2023-12-11,278.0368,287.36325,272.99506,273.4905,124200721.0,SDTTR
2023-12-12,275.65567,286.3723,268.78372,269.2792,239192115.0,SDTTR
2023-12-13,260.84955,269.03146,256.64508,258.6269,137567001.0,SDTTR
2023-12-14,260.1658,264.8201,254.66328,260.6088,97043690.0,SDTTR
2023-12-15,267.7799,273.98596,260.60876,266.5542,229877566.0,SDTTR
2023-12-18,259.0302,267.2974,248.96558,248.9656,101879007.0,SDTTR
2023-12-19,256.90076,264.32462,248.47012,254.911,248686060.0,SDTTR
2023-12-20,251.4795,257.63602,247.62784,248.7178,90959963.0,SDTTR
2023-12-21,250.63028,256.39737,245.44785,254.6633,91782906.0,SDTTR
2023-12-22,256.74915,264.32462,251.69055,254.6633,124484277.0,SDTTR
2023-12-25,241.11559,255.90195,234.84514,236.8269,77199213.0,SDTTR
2023-12-26,236.18187,241.7815,230.18788,237.917,97719631.0,SDTTR
2023-12-27,246.27821,261.59964,232.86331,243.5651,218136627.0,SDTTR
2023-12-28,255.96829,265.5633,242.7724,251.9383,193823031.0,SDTTR
2023-12-29,264.3286,276.95874,249.2133,268.7837,272136731.0,SDTTR
2024-01-02,273.767,281.41782,263.58145,279.9314,287899894.0,SDTTR
2024-01-03,271.63455,281.66553,267.79282,269.7746,182228712.0,SDTTR
2024-01-04,269.3426,275.22464,265.5633,266.0587,158359018.0,SDTTR
2024-01-05,287.19577,292.5655,265.5633,292.5655,308878466.0,SDTTR
2024-01-08,312.50357,321.7973,299.25412,309.1632,881181397.0,SDTTR
2024-01-09,305.79016,321.0541,296.52914,305.1996,350203198.0,SDTTR
2024-01-10,309.1692,317.58594,301.23593,302.2269,286095312.0,SDTTR
2024-01-11,311.44226,319.8155,301.7314,311.3928,506921416.0,SDTTR
2024-01-12,318.49557,326.99957,312.13596,313.6223,509492959.0,SDTTR
2024-01-15,314.09,320.8064,307.4291,310.8973,219094976.0,SDTTR
2024-01-16,306.08148,311.64047,303.21777,306.9337,151901507.0,SDTTR
2024-01-17,304.30383,312.13596,299.25412,299.7496,137748989.0,SDTTR
2024-01-18,303.2495,309.6587,297.27234,302.2269,231028385.0,SDTTR
2024-01-19,297.85693,306.19052,295.04276,296.2814,148394507.0,SDTTR
2024-01-22,316.41168,325.7609,292.81326,325.7609,566264102.0,SDTTR
2024-01-23,349.55457,358.21317,328.23816,358.2132,1110070511.0,SDTTR
2024-01-24,367.7338,384.96768,346.8177,349.0473,1475167671.0,SDTTR
2024-01-25,357.43826,368.86542,347.80862,349.5427,513120448.0,SDTTR
2024-01-26,346.71664,356.7268,342.60635,343.845,443389442.0,SDTTR
2024-01-29,373.0312,378.0313,344.83588,378.0313,1741629251.0,SDTTR
2024-01-30,385.24014,398.34488,370.35175,374.3154,958502592.0,SDTTR
2024-01-31,373.46915,382.24268,367.37906,370.5995,450487110.0,SDTTR
2024-02-01,372.33258,376.7927,368.86542,376.0495,339919683.0,SDTTR
2024-02-02,372.6358,378.27902,369.6086,370.5995,263938367.0,SDTTR
2024-02-05,383.87762,396.3631,367.13132,382.9858,804668276.0,SDTTR
2024-02-06,400.13153,421.13577,375.80176,421.1358,1026538570.0,SDTTR
2024-02-07,441.8616,463.2494,413.2085,413.2085,1947451205.0,SDTTR
2024-02-08,410.68866,421.3835,402.804,406.5199,583742719.0,SDTTR
2024-02-09,424.53357,437.98123,405.77673,419.4017,934774845.0,SDTTR
2024-02-12,434.79648,445.90848,424.60394,425.5949,670491789.0,SDTTR
2024-02-13,428.5805,451.85394,407.5108,408.0062,603426170.0,SDTTR
2024-02-14,408.06076,423.61304,392.1517,411.4744,637696455.0,SDTTR
2024-02-15,413.3611,421.63126,408.254,408.254,394019162.0,SDTTR
2024-02-16,402.57608,411.2267,398.84036,400.3268,354529990.0,SDTTR
2024-02-19,401.02432,410.2358,390.41763,392.3995,371456198.0,SDTTR
2024-02-20,402.65833,420.64035,387.94037,404.5381,751381228.0,SDTTR
2024-02-21,401.63672,410.48352,396.1154,402.3086,421647889.0,SDTTR
2024-02-22,401.36224,409.74033,396.6108,396.6108,376042902.0,SDTTR
2024-02-23,403.79987,414.9426,396.3631,398.8404,544892002.0,SDTTR
2024-02-26,417.20587,434.2653,401.31766,413.2085,1399879494.0,SDTTR
2024-02-27,401.29684,413.45627,391.90402,391.904,507365873.0,SDTTR
2024-02-28,389.02246,402.06082,376.54492,376.5449,421675227.0,SDTTR
2024-02-29,377.05823,383.48126,357.7177,382.4904,429874506.0,SDTTR
2024-03-01,380.59875,391.65628,372.829,373.8199,351400765.0,SDTTR
2024-03-04,366.75375,377.53586,358.9563,358.9563,275650203.0,SDTTR
2024-03-05,361.95282,368.86542,356.7268,360.4427,274177593.0,SDTTR
2024-03-06,353.28732,361.6813,348.5518,350.5336,200283856.0,SDTTR
2024-03-07,356.51373,363.66315,348.79953,358.7086,263730815.0,SDTTR
2024-03-08,366.7865,382.24268,355.24045,357.47,429258994.0,SDTTR
2024-03-11,355.32962,367.37906,345.82678,345.8268,182703912.0,SDTTR
2024-03-12,345.4205,355.7359,337.15634,344.3405,267792044.0,SDTTR
2024-03-13,341.62933,350.03815,335.91772,340.1291,216284402.0,SDTTR
2024-03-14,338.7121,342.60635,334.43134,337.8995,190207615.0,SDTTR
2024-03-15,337.21384,340.6245,333.9359,335.4222,162243592.0,SDTTR
2024-03-18,329.1726,339.6336,324.02682,328.9814,165807136.0,SDTTR
2024-03-19,329.23996,333.9359,324.02682,328.9814,146893479.0,SDTTR
2024-03-20,329.97327,336.9086,325.51318,325.7609,184221676.0,SDTTR
2024-03-21,353.54596,358.21317,327.495,358.2132,319882841.0,SDTTR
2024-03-22,351.0806,380.0131,327.24725,328.4859,728657139.0,SDTTR
2024-03-25,325.16635,334.6791,315.3564,315.3564,213760036.0,SDTTR
2024-03-26,311.88028,319.56772,306.4382,308.6678,147607523.0,SDTTR
2024-03-27,307.6808,313.6223,303.21777,305.695,160857318.0,SDTTR
2024-03-28,304.62885,315.60413,298.7587,299.0064,207104454.0,SDTTR
2024-03-29,321.45044,328.73364,304.7041,318.3291,538323275.0,SDTTR
2024-04-01,314.63104,335.91772,305.94278,309.4109,274308358.0,SDTTR
2024-04-02,317.39868,329.47684,304.95187,307.9246,236901710.0,SDTTR
2024-04-03,319.94034,335.91772,302.4746,313.1269,497300114.0,SDTTR
2024-04-04,312.05667,318.5768,304.95187,307.1814,156738478.0,SDTTR
2024-04-05,316.5088,322.045,307.1814,320.0632,258252192.0,SDTTR
2024-04-08,343.77463,352.01996,326.00867,336.9086,507058326.0,SDTTR
2024-04-09,337.80246,343.59726,330.22003,341.3677,132856402.0,SDTTR
2024-04-15,356.86154,370.59952,345.82678,351.5245,472103119.0,SDTTR
2024-04-16,342.99478,362.67224,331.21094,333.4404,286563356.0,SDTTR
2024-04-17,333.48306,340.6245,326.25638,330.4677,149359320.0,SDTTR
2024-04-18,326.31482,333.9359,322.5405,324.5223,135159718.0,SDTTR
2024-04-19,335.2984,340.87228,328.98138,333.1927,318579667.0,SDTTR
2024-04-22,342.78174,350.28586,333.44043,346.3223,293506572.0,SDTTR
2024-04-24,341.5015,351.2768,335.91772,337.4041,152815459.0,SDTTR
2024-04-25,334.30255,339.38593,323.03592,330.9632,134127881.0,SDTTR
2024-04-26,333.59702,341.8632,327.495,336.1654,152226350.0,SDTTR
2024-04-29,332.15323,340.1291,329.97226,332.6973,136550873.0,SDTTR
2024-04-30,333.95474,339.88138,330.22003,331.9541,165499238.0,SDTTR
2024-05-02,332.21967,338.89044,327.99048,336.4132,220071045.0,SDTTR
2024-05-03,346.9515,356.7268,334.92682,343.845,448074116.0,SDTTR
2024-05-06,352.67197,363.66315,339.13818,349.7904,552388804.0,SDTTR
2024-05-07,356.32645,368.86542,347.06546,349.295,360517279.0,SDTTR
2024-05-08,341.74625,352.01996,336.9086,337.1563,188597077.0,SDTTR
2024-05-09,333.58612,341.8632,329.72458,331.4586,126319036.0,SDTTR
2024-05-10,324.92062,331.45865,321.0541,321.5496,121909771.0,SDTTR
2024-05-13,312.48376,322.7882,306.9337,307.1814,141839844.0,SDTTR
2024-05-14,308.4577,311.8882,304.95187,306.1905,106453043.0,SDTTR
2024-05-15,310.13528,315.3564,306.19052,308.6678,100984322.0,SDTTR
2024-05-16,309.41095,313.6223,306.9337,309.6587,90142550.0,SDTTR
2024-05-17,311.28674,316.59503,309.41095,310.8973,124642329.0,SDTTR
2024-05-20,310.67828,315.10864,305.1996,305.1996,131155389.0,SDTTR
2024-05-21,300.7831,310.64957,296.77686,296.7769,145622504.0,SDTTR
2024-05-22,311.7247,325.26547,295.04276,309.1632,400848473.0,SDTTR
2024-05-23,308.84116,313.6223,303.7132,306.4382,166563619.0,SDTTR
2024-05-24,300.6761,308.1723,296.77686,297.52,107800477.0,SDTTR
2024-05-27,289.27963,299.50186,282.65643,283.6473,136034144.0,SDTTR
2024-05-28,290.59656,296.77686,284.3905,289.0973,142956049.0,SDTTR
2024-05-29,280.04538,289.59277,276.21555,276.9587,126814848.0,SDTTR
2024-05-30,286.65576,302.22687,273.98596,290.336,196939850.0,SDTTR
2024-05-31,294.9229,300.98822,288.84958,295.0428,174173645.0,SDTTR
2024-06-03,286.5953,295.53824,280.67462,285.1337,174243411.0,SDTTR
2024-06-04,286.21774,295.29053,280.92233,280.9223,94748683.0,SDTTR
2024-06-05,278.82462,285.3814,273.98596,279.9314,114824164.0,SDTTR
2024-06-06,282.60092,285.62918,278.94055,282.6564,93418336.0,SDTTR
2024-06-07,290.35577,301.23593,278.6928,281.4178,235890673.0,SDTTR
2024-06-10,274.76187,281.66553,268.53598,268.536,92326546.0,SDTTR
2024-06-11,266.1281,270.2701,262.59055,263.086,95327675.0,SDTTR
2024-06-12,262.32202,267.04962,258.87466,262.3428,80045718.0,SDTTR
2024-06-13,267.66205,271.261,264.57236,270.7656,62910300.0,SDTTR
2024-06-14,276.10062,287.1155,266.30643,280.9223,118206392.0,SDTTR
2024-06-20,268.9185,272.00418,265.811,270.5178,174623826.0,SDTTR
2024-06-21,267.35083,272.2519,258.87466,267.5451,116291800.0,SDTTR
2024-06-24,258.1969,268.53598,249.70876,251.1951,150122482.0,SDTTR
2024-06-25,255.12306,263.3337,247.72693,247.7269,159578401.0,SDTTR
2024-06-26,251.92244,261.59964,242.7724,243.9615,254251194.0,SDTTR
2024-06-27,245.48552,250.20421,240.98877,246.4388,108476806.0,SDTTR
2024-06-28,245.3537,248.96558,243.16876,245.0515,68723698.0,SDTTR
2024-07-01,237.75146,247.42966,233.55696,239.5024,126292398.0,SDTTR
2024-07-02,243.21931,247.33058,236.92606,245.7451,96860898.0,SDTTR
2024-07-03,243.99814,250.20421,240.79059,242.4751,68461127.0,SDTTR
2024-07-04,244.09328,248.96558,240.49329,244.556,111063455.0,SDTTR
2024-07-05,248.23923,252.43375,243.96147,252.186,114274538.0,SDTTR
2024-07-08,255.28261,260.11328,250.20421,258.1314,131161392.0,SDTTR
2024-07-09,278.1448,283.89508,258.62692,283.8951,511709614.0,SDTTR
2024-07-10,271.88626,300.98822,259.61786,261.3519,401461767.0,SDTTR
2024-07-11,276.04312,287.36325,261.59964,271.5087,354705990.0,SDTTR
2024-07-12,271.77133,277.94965,265.811,272.9951,168670447.0,SDTTR
2024-07-16,268.11288,275.22464,265.5633,266.8019,109990012.0,SDTTR
2024-07-17,263.4705,268.04053,261.1042,264.0769,103561128.0,SDTTR
2024-07-18,268.21097,274.48145,264.57236,266.8019,201858116.0,SDTTR
2024-07-19,261.998,267.2974,259.86554,261.5996,93396468.0,SDTTR
2024-07-22,263.00278,265.811,260.60876,262.0951,69127067.0,SDTTR
2024-07-23,268.40222,274.72916,259.61786,267.0496,228310752.0,SDTTR
2024-07-24,281.32764,292.31778,267.2974,275.9678,588358415.0,SDTTR
2024-07-25,277.43835,284.14282,269.2792,270.5178,181755988.0,SDTTR
2024-07-26,278.45203,283.64734,268.04053,279.436,212680994.0,SDTTR
2024-07-29,297.9174,307.1814,285.8769,292.5655,720945399.0,SDTTR
2024-07-30,296.81848,306.68597,287.1155,288.3542,504248752.0,SDTTR
2024-07-31,308.17728,317.09045,295.29053,310.4019,1221775239.0,SDTTR
2024-08-01,308.16635,319.0723,300.24503,301.7314,491273262.0,SDTTR
2024-08-02,303.29404,314.61322,286.8678,291.8224,564196108.0,SDTTR
2024-08-05,273.5678,283.89508,262.83826,263.8292,286195057.0,SDTTR
2024-08-06,278.78098,287.1155,269.5269,283.3996,458315937.0,SDTTR
2024-08-07,285.8987,293.3087,279.18823,288.8496,331199581.0,SDTTR
2024-08-08,298.7131,306.19052,289.84048,294.2996,491918321.0,SDTTR
2024-08-09,286.88168,299.7496,277.45416,279.9314,241276291.0,SDTTR
2024-08-12,293.80118,300.98822,277.94965,288.1064,523080163.0,SDTTR
2024-08-13,286.11264,294.1603,280.4958,283.2287,264522572.0,SDTTR
2024-08-14,280.51562,284.9678,276.2722,276.7691,144076570.0,SDTTR
2024-08-15,274.84412,280.4958,268.8188,278.7567,205005125.0,SDTTR
2024-08-16,278.90967,287.7007,271.0548,274.0362,215059245.0,SDTTR
2024-08-19,275.26447,280.74423,270.55792,274.2846,177626660.0,SDTTR
2024-08-20,270.41385,276.2722,266.33435,266.3344,126081086.0,SDTTR
2024-08-21,267.03,271.30328,261.11697,262.1107,110922111.0,SDTTR
2024-08-22,260.74927,265.0921,257.63873,258.1356,98390380.0,SDTTR
2024-08-23,253.38931,259.37784,248.44621,250.4338,113606416.0,SDTTR
2024-08-26,245.2989,255.40271,240.09842,241.4897,169257063.0,SDTTR
2024-08-27,244.4194,247.35306,240.49594,245.6636,116635796.0,SDTTR
2024-08-28,244.08351,247.6512,241.09221,242.6823,109996402.0,SDTTR
2024-08-29,245.8892,253.66357,240.99284,249.44,159624110.0,SDTTR
2024-09-02,255.3719,260.37164,249.44,254.4089,125130970.0,SDTTR
2024-09-03,251.18707,257.1418,246.75679,246.7568,106752576.0,SDTTR
2024-09-04,243.47331,245.763,241.58911,244.3717,75904803.0,SDTTR
2024-09-05,245.05144,246.95554,243.4773,245.4649,65248168.0,SDTTR
2024-09-06,244.28922,246.06114,242.88101,244.3717,58669981.0,SDTTR
2024-09-09,242.73494,245.46486,240.49594,241.7879,53251071.0,SDTTR
2024-09-10,238.77966,242.086,235.72577,239.204,64233852.0,SDTTR
2024-09-11,234.44478,238.50836,230.35934,232.2475,71526978.0,SDTTR
2024-09-12,225.97276,235.32826,219.72585,224.5954,112938083.0,SDTTR
2024-09-13,229.31485,234.33447,223.40285,234.0363,95875377.0,SDTTR
2024-09-16,235.28752,239.20401,232.34691,235.1295,64935270.0,SDTTR
2024-09-17,233.27014,235.52702,231.55188,233.3407,464146509.0,SDTTR
2024-09-18,229.10817,235.03012,227.17923,227.9742,62801692.0,SDTTR
2024-09-19,239.89272,250.43378,229.06741,236.322,452716108.0,SDTTR
2024-09-20,239.50812,245.46486,232.54565,239.0053,233870179.0,SDTTR
2024-09-23,234.7936,238.70712,232.54565,232.9432,82936403.0,SDTTR
2024-09-24,240.8676,246.55803,231.55188,238.0115,281695632.0,SDTTR
2024-09-25,238.93272,244.17294,233.63882,237.7133,191200901.0,SDTTR
2024-09-26,241.39333,247.45244,235.72577,238.5084,264262410.0,SDTTR
2024-09-27,237.36452,241.88724,233.53944,235.3283,104063562.0,SDTTR
2024-09-30,232.62218,237.21643,228.6699,229.8624,81047119.0,SDTTR
2024-10-01,232.16306,239.50215,222.11092,227.8749,177893044.0,SDTTR
2024-10-02,247.78038,250.43378,226.28482,250.4338,1088583584.0,SDTTR
2024-10-03,260.78802,268.8188,248.44621,254.4089,856372403.0,SDTTR
2024-10-04,250.84918,262.85608,241.68848,250.1853,438398279.0,SDTTR
2024-10-07,245.46883,253.1667,238.8065,248.9431,309116709.0,SDTTR
2024-10-08,253.87627,262.85608,244.47108,248.9431,395623925.0,SDTTR
2024-10-09,245.81667,250.93068,242.4835,244.3717,159613851.0,SDTTR
2024-10-10,245.15083,250.43378,240.49594,242.2848,165822790.0,SDTTR
2024-10-11,238.6306,243.77542,233.93695,235.8252,125664775.0,SDTTR
2024-10-14,247.97318,258.38406,235.52702,243.1792,589142003.0,SDTTR
2024-10-15,243.38586,249.44,239.20401,244.4711,268047119.0,SDTTR
2024-10-16,242.44177,245.96176,239.10464,242.7816,122700944.0,SDTTR
2024-10-17,242.98636,245.06735,239.89966,244.0736,125930603.0,SDTTR
2024-10-18,246.86809,250.43378,242.78165,247.5518,244400356.0,SDTTR
2024-10-21,242.68526,249.19156,238.60774,239.7009,134727258.0,SDTTR
2024-10-22,237.97371,241.09221,234.63261,238.0115,131254632.0,SDTTR
2024-10-23,246.3871,255.15427,234.03633,250.9307,509623072.0,SDTTR
2024-10-24,249.55925,258.38406,246.06114,246.558,328469800.0,SDTTR
2024-10-25,243.60847,247.35306,241.48972,243.6761,151212583.0,SDTTR
2024-10-28,246.16846,251.17912,242.78165,244.4711,128683121.0,SDTTR
2024-10-30,248.98685,253.1667,243.77542,247.1543,308468375.0,SDTTR
2024-10-31,250.6544,255.15427,245.16672,253.4151,293575800.0,SDTTR
2024-11-01,257.435,266.0859,250.43378,255.8996,604193291.0,SDTTR
2024-11-04,247.56871,257.1418,242.4835,242.4835,175561297.0,SDTTR
2024-11-05,243.32823,247.6512,239.00526,243.4773,125448391.0,SDTTR
2024-11-06,242.65047,245.06735,238.90587,240.7941,114231164.0,SDTTR
2024-11-07,237.68552,242.58289,235.03012,239.0053,109712542.0,SDTTR
2024-11-08,240.65593,244.07356,237.51457,241.4897,115821907.0,SDTTR
2024-11-11,242.32051,244.47108,239.70091,244.4711,112102943.0,SDTTR
2024-11-12,237.8485,243.27853,235.82516,236.0239,104502424.0,SDTTR
2024-11-13,239.88177,244.07356,235.22888,236.0239,163354478.0,SDTTR
2024-11-14,236.49397,238.409,234.43385,234.8314,76302159.0,SDTTR
2024-11-15,235.3859,237.9121,232.04877,233.0426,92627204.0,SDTTR
2024-11-18,232.69075,235.52702,231.05498,231.5519,94647385.0,SDTTR
2024-11-19,236.05074,242.78165,227.97423,233.8376,403365865.0,SDTTR
2024-11-20,230.29276,234.43385,227.87488,228.5705,146057179.0,SDTTR
2024-11-21,228.64207,230.75684,225.19167,228.8687,125256478.0,SDTTR
2024-11-22,233.1161,237.41519,227.97423,231.7506,209935607.0,SDTTR
2024-11-25,230.53857,235.78181,225.90771,225.9077,258607424.0,SDTTR
2024-11-26,227.52347,230.2962,225.60849,226.5061,161188214.0,SDTTR
2024-11-27,230.88367,235.68208,226.60588,228.4012,187071262.0,SDTTR
2024-11-28,228.20868,232.09149,226.20692,229.3986,129127608.0,SDTTR
2024-11-29,226.57596,228.89986,225.60849,225.7082,98892086.0,SDTTR
2024-12-02,228.34532,233.38809,226.30666,226.5061,171139757.0,SDTTR
2024-12-03,226.70163,228.50092,225.90771,226.2069,101730447.0,SDTTR
2024-12-04,228.03215,231.49307,225.40901,228.0022,208306731.0,SDTTR
2024-12-05,230.43384,232.68993,227.40378,231.7923,178514908.0,SDTTR
2024-12-06,231.80125,234.28574,230.09673,231.5928,149142031.0,SDTTR
2024-12-09,229.98502,233.08888,228.60065,229.7975,142928810.0,SDTTR
2024-12-10,227.04074,229.89725,225.50876,225.7082,110491322.0,SDTTR
2024-12-11,221.9022,227.703,218.42732,218.5271,131360824.0,SDTTR
2024-12-12,220.2316,222.71608,218.22784,219.4247,93919969.0,SDTTR
2024-12-13,223.7344,227.00484,219.02576,226.7056,122630702.0,SDTTR
2024-12-16,229.62497,231.99176,226.20692,228.3014,182408145.0,SDTTR
2024-12-17,225.3332,230.49568,222.41685,226.2069,108398349.0,SDTTR
2024-12-18,223.07315,227.703,218.82626,218.8263,90261654.0,SDTTR
2024-12-19,216.82652,221.91817,212.9417,214.9365,156873392.0,SDTTR
2024-12-20,214.40686,217.72916,212.44301,214.0388,90239706.0,SDTTR
2024-12-23,213.528,216.7,211.7,212.6,72535980.0,SDTTR
2024-12-24,211.079,214.1,207.0,210.1,62828276.0,SDTTR
2024-12-25,212.106,216.8,210.1,211.4,72111433.0,SDTTR
2024-12-26,222.219,232.5,211.4,218.4,399084752.0,SDTTR
2024-12-27,220.189,227.1,214.4,217.1,247156278.0,SDTTR
2024-12-30,216.536,218.6,214.0,214.2,80695876.0,SDTTR
2024-12-31,214.078,216.5,212.1,213.2,59172769.0,SDTTR
2025-01-02,214.561,216.7,213.0,213.3,78284770.0,SDTTR
2025-01-03,214.024,215.7,213.2,214.8,70289927.0,SDTTR
2025-01-06,218.563,221.0,215.7,218.7,111202410.0,SDTTR
2025-01-07,218.614,220.8,216.8,218.3,88012799.0,SDTTR
2025-01-08,215.572,218.5,213.2,213.2,77898400.0,SDTTR
2025-01-09,214.927,217.0,213.5,216.4,50583305.0,SDTTR
2025-01-10,216.581,219.5,214.6,215.9,75674965.0,SDTTR
2025-01-13,213.105,217.6,210.1,211.1,119944698.0,SDTTR
2025-01-14,211.058,214.1,208.7,208.8,73565923.0,SDTTR
2025-01-15,209.77,213.0,208.0,209.1,74929875.0,SDTTR
2025-01-16,208.97,211.2,207.4,209.0,56703165.0,SDTTR
2025-01-17,211.294,212.7,208.1,211.5,85641507.0,SDTTR
2025-01-20,214.235,217.9,210.9,213.0,75100625.0,SDTTR
2025-01-21,212.016,214.5,210.2,210.6,44254523.0,SDTTR
2025-01-22,210.598,212.7,209.7,210.3,39150863.0,SDTTR
2025-01-23,212.013,213.3,210.4,212.3,49528757.0,SDTTR
2025-01-24,210.565,212.5,209.0,210.5,50113744.0,SDTTR
2025-01-27,207.374,210.6,204.7,205.4,44626971.0,SDTTR
2025-01-28,205.38,207.2,204.1,204.8,42646962.0,SDTTR
2025-01-29,206.127,210.5,203.7,203.7,63935544.0,SDTTR
2025-01-30,203.563,205.2,201.8,201.8,41670304.0,SDTTR
2025-01-31,198.354,203.3,195.5,197.0,69955714.0,SDTTR
2025-02-03,190.783,196.3,187.8,188.0,69782376.0,SDTTR
2025-02-04,195.722,201.8,188.6,193.4,167046806.0,SDTTR
2025-02-05,189.391,193.8,186.4,187.4,52370489.0,SDTTR
2025-02-06,196.453,201.5,187.4,197.2,142711055.0,SDTTR
2025-02-07,197.049,200.0,193.3,197.0,63511279.0,SDTTR
2025-02-10,195.482,199.0,193.6,194.5,47356329.0,SDTTR
2025-02-11,192.52,194.1,191.0,192.7,36811466.0,SDTTR
2025-02-12,190.371,193.5,188.2,188.6,42305871.0,SDTTR
2025-02-13,189.686,191.0,188.4,189.8,34334463.0,SDTTR
2025-02-14,188.592,190.2,186.9,188.5,33309572.0,SDTTR
2025-02-17,190.163,191.2,188.4,190.0,49804901.0,SDTTR
2025-02-18,187.76,190.2,185.9,187.6,36435178.0,SDTTR
2025-02-19,188.205,193.6,185.7,186.6,42980040.0,SDTTR
2025-02-20,188.019,190.2,186.0,188.4,34591441.0,SDTTR
2025-02-21,186.078,190.5,181.1,182.2,47921533.0,SDTTR
2025-02-24,187.036,191.1,182.6,186.1,91133015.0,SDTTR
2025-02-25,182.257,186.1,179.1,179.1,43095236.0,SDTTR
2025-02-26,182.185,186.8,178.8,181.0,74862573.0,SDTTR
2025-02-27,184.379,187.3,179.9,185.3,77322324.0,SDTTR
2025-02-28,185.443,187.7,183.4,184.0,45719385.0,SDTTR
2025-03-03,185.994,189.5,184.0,184.4,51514899.0,SDTTR
2025-03-04,185.653,190.8,180.0,182.4,131390073.0,SDTTR
2025-03-05,185.245,187.8,182.4,186.6,85626096.0,SDTTR
2025-03-06,195.939,199.7,186.7,198.0,273815176.0,SDTTR
2025-03-07,206.231,213.4,195.7,206.9,370920500.0,SDTTR
2025-03-10,221.526,227.3,208.0,219.9,392473311.0,SDTTR
2025-03-11,223.784,229.4,219.9,221.3,305280767.0,SDTTR
2025-03-12,205.007,214.0,200.6,201.3,330490585.0,SDTTR
2025-03-13,205.911,209.7,201.5,206.1,186883179.0,SDTTR
2025-03-14,204.095,208.1,202.1,203.8,123752619.0,SDTTR
2025-03-17,206.323,210.6,204.1,207.9,154339513.0,SDTTR
2025-03-18,219.12,227.3,206.0,221.0,641492192.0,SDTTR
2025-03-19,215.151,228.5,198.9,199.5,587221303.0,SDTTR
2025-03-20,210.986,218.8,199.7,215.1,406852901.0,SDTTR
2025-03-21,204.105,220.0,194.5,199.1,291011940.0,SDTTR
2025-03-24,200.153,208.0,188.1,201.8,280959588.0,SDTTR
2025-03-25,204.373,207.8,201.2,203.2,192414468.0,SDTTR
2025-03-26,199.401,203.2,196.0,198.7,115455395.0,SDTTR
2025-03-27,198.997,203.0,191.6,193.1,89298403.0,SDTTR
2025-03-28,195.036,198.9,190.6,197.5,101889191.0,SDTTR
2025-04-02,200.414,203.3,195.6,200.6,99493141.0,SDTTR
2025-04-03,198.902,202.4,196.0,196.3,73912916.0,SDTTR
2025-04-04,195.272,199.2,193.0,193.1,70176991.0,SDTTR
2025-04-07,188.444,192.0,185.4,190.4,87015584.0,SDTTR
2025-04-08,197.298,201.0,191.5,196.6,142757037.0,SDTTR
2025-04-09,201.495,206.1,196.3,197.0,152145644.0,SDTTR
2025-04-10,203.857,206.3,200.6,202.7,135776679.0,SDTTR
2025-04-11,213.866,219.6,202.8,215.0,413588396.0,SDTTR
2025-04-14,220.851,226.7,212.4,213.4,244717203.0,SDTTR
2025-04-15,209.199,218.1,205.5,205.8,180545419.0,SDTTR
2025-04-16,205.608,211.3,202.6,202.7,142138134.0,SDTTR
2025-04-17,211.664,218.6,202.9,206.0,364965705.0,SDTTR
2025-04-18,204.063,208.0,201.5,203.9,101305925.0,SDTTR
2025-04-21,204.353,207.7,201.1,201.4,104858583.0,SDTTR
2025-04-22,199.909,204.9,195.5,195.5,78080732.0,SDTTR
2025-04-24,196.615,199.5,194.3,196.5,72438005.0,SDTTR
2025-04-25,196.671,198.1,195.6,195.8,53152568.0,SDTTR
2025-04-28,200.661,204.7,195.5,197.7,150875068.0,SDTTR
2025-04-29,199.813,203.5,196.4,197.1,94711173.0,SDTTR
2025-04-30,194.638,200.4,191.5,193.0,76059449.0,SDTTR
2025-05-02,192.613,195.7,191.4,191.5,50898341.0,SDTTR
2025-05-05,190.63,193.8,189.5,189.7,50872035.0,SDTTR
2025-05-06,191.469,194.9,188.8,190.1,72730225.0,SDTTR
2025-05-07,197.808,203.0,190.7,190.7,215690597.0,SDTTR
2025-05-08,191.569,198.3,186.7,191.8,201782802.0,SDTTR
2025-05-09,192.098,196.0,190.0,192.5,90558756.0,SDTTR
2025-05-12,190.846,195.5,189.0,190.2,108747228.0,SDTTR
2025-05-13,186.133,189.3,185.0,185.5,79343052.0,SDTTR
2025-05-14,184.93,187.2,182.5,182.5,59323661.0,SDTTR
2025-05-15,184.566,186.9,182.7,183.3,45165859.0,SDTTR
2025-05-16,185.193,187.7,183.2,184.1,54466156.0,SDTTR
2025-05-20,182.749,185.6,181.5,181.5,33596841.0,SDTTR
2025-05-21,184.439,189.0,180.1,182.3,102209590.0,SDTTR
2025-05-22,183.116,184.5,181.9,182.9,43249006.0,SDTTR
2025-05-23,182.861,184.8,181.7,181.7,44882048.0,SDTTR
2025-05-26,181.036,184.2,179.4,179.4,38298637.0,SDTTR
2025-05-27,179.662,181.8,178.0,178.0,34481501.0,SDTTR
2025-05-28,175.754,179.3,173.0,173.2,39887948.0,SDTTR
2025-05-29,169.319,175.8,167.4,168.7,50994816.0,SDTTR
2025-05-30,171.181,176.2,166.4,176.2,69971681.0,SDTTR
2025-06-02,171.74,176.2,168.6,169.0,35959254.0,SDTTR
2025-06-03,169.781,171.8,168.7,169.2,28283606.0,SDTTR
2025-06-04,173.803,177.3,169.8,174.3,65217796.0,SDTTR
2025-06-05,177.404,180.2,174.1,177.6,44434446.0,SDTTR
2025-06-10,180.71,184.9,177.3,180.8,82534998.0,SDTTR
2025-06-11,183.084,185.1,180.7,181.0,56755964.0,SDTTR
2025-06-12,188.277,193.0,182.4,182.5,237907717.0,SDTTR
2025-06-13,194.974,200.0,189.0,194.0,585469805.0,SDTTR
2025-06-16,207.998,213.4,197.5,213.4,473717042.0,SDTTR
2025-06-17,230.103,234.7,220.0,234.7,382019396.0,SDTTR
2025-06-18,258.0,258.0,258.0,258.0,75205452.0,SDTTR
2025-06-19,247.458,283.75,232.2,232.2,980984781.0,SDTTR
2025-06-20,218.113,230.0,209.0,209.0,2121537363.0,SDTTR
2025-06-23,226.527,229.9,218.5,229.9,1206792926.0,SDTTR
2025-06-24,212.892,232.3,207.0,207.0,2533724361.0,SDTTR
2025-06-25,199.723,215.7,189.0,192.6,1728921803.0,SDTTR
2025-06-26,187.476,195.6,181.1,181.6,571519639.0,SDTTR
2025-06-27,188.527,195.1,181.5,184.7,1067601887.0,SDTTR
2025-06-30,181.487,186.9,179.6,180.8,543023757.0,SDTTR
2025-07-01,179.615,182.2,177.9,178.8,303846626.0,SDTTR
2025-07-02,178.583,181.4,176.9,177.0,495658464.0,SDTTR
2025-07-03,178.137,180.0,177.0,177.6,285199309.0,SDTTR
2025-07-04,179.61,182.9,176.8,179.4,459464218.0,SDTTR
2025-07-07,178.243,180.4,176.9,177.0,280123241.0,SDTTR
2025-07-08,175.097,178.7,172.6,172.6,210444204.0,SDTTR
2025-07-09,172.793,173.8,172.2,172.8,143109440.0,SDTTR
2025-07-10,173.899,176.7,172.9,173.2,188596599.0,SDTTR
2025-07-11,172.075,174.2,169.9,170.7,170163240.0,SDTTR
2025-07-14,171.341,172.8,170.1,171.7,162153149.0,SDTTR
2025-07-16,182.487,188.8,171.4,188.8,1181811281.0,SDTTR
2025-07-17,185.644,192.7,180.4,182.5,1125299609.0,SDTTR
2025-07-18,189.943,193.9,185.9,187.7,1134219789.0,SDTTR
2025-07-21,190.695,194.6,187.5,191.5,882241722.0,SDTTR
2025-07-22,189.826,192.6,186.6,186.9,397281753.0,SDTTR
2025-07-23,189.89,192.7,187.1,188.6,545520749.0,SDTTR
2025-07-24,187.33,189.5,185.5,187.0,347851949.0,SDTTR
2025-07-25,189.282,191.9,186.4,189.9,514249505.0,SDTTR
2025-07-28,186.645,191.7,183.8,187.9,383663806.0,SDTTR
2025-07-29,184.551,188.9,181.5,181.5,281546196.0,SDTTR
2025-07-30,178.584,182.8,176.7,177.2,210913217.0,SDTTR
2025-07-31,178.685,180.9,176.8,180.0,209696510.0,SDTTR
2025-08-01,180.059,181.5,179.0,179.6,123917466.0,SDTTR
2025-08-04,180.63,182.9,179.1,182.9,162728112.0,SDTTR
2025-08-05,181.269,183.5,180.1,180.3,195802640.0,SDTTR
2025-08-06,185.977,190.6,179.5,187.7,589818346.0,SDTTR
2025-08-07,187.476,191.3,185.1,186.1,244502931.0,SDTTR
2025-08-08,187.095,189.9,185.1,186.0,247539467.0,SDTTR
2025-08-11,184.091,187.4,182.5,182.6,149678343.0,SDTTR
2025-08-12,182.003,183.7,181.1,182.2,91315922.0,SDTTR
2025-08-13,187.074,190.5,180.8,187.2,360278249.0,SDTTR
2025-08-14,184.624,188.8,180.7,180.9,197632084.0,SDTTR
2025-08-15,182.991,185.4,180.5,184.7,151840577.0,SDTTR
2025-08-18,186.485,188.9,184.7,188.5,256308270.0,SDTTR
2025-08-19,189.395,192.9,187.2,188.0,298294608.0,SDTTR
2025-08-20,182.237,186.1,180.3,183.0,296153830.0,SDTTR
2025-08-21,183.084,184.8,181.8,183.3,138840945.0,SDTTR
2025-08-22,185.96,188.5,182.7,186.3,278759845.0,SDTTR
2025-08-25,188.64,191.0,187.2,189.0,236752440.0,SDTTR
2025-08-26,194.173,199.5,187.6,193.5,740503877.0,SDTTR
2025-08-27,204.74,210.5,192.3,201.2,1191649849.0,SDTTR
2025-08-28,200.675,208.6,194.5,200.0,712159827.0,SDTTR
2025-08-29,205.274,210.4,197.0,207.4,634992387.0,SDTTR
2025-09-01,204.878,211.0,198.8,198.8,418518100.0,SDTTR
2025-09-02,197.108,205.2,189.9,193.0,483804833.0,SDTTR
2025-09-03,198.242,206.5,190.6,201.4,470199320.0,SDTTR
2025-09-04,205.071,208.9,201.4,207.1,463028724.0,SDTTR
2025-09-05,202.684,208.2,195.7,195.7,436358211.0,SDTTR
2025-09-08,191.032,193.7,187.3,191.8,236867354.0,SDTTR
2025-09-09,196.991,203.0,191.0,197.2,658199156.0,SDTTR
2025-09-10,204.102,208.2,200.2,200.6,471220197.0,SDTTR
2025-09-11,199.067,204.7,192.9,193.2,334710807.0,SDTTR
2025-09-12,190.7,194.2,188.0,188.0,228856042.0,SDTTR
2025-09-15,192.342,200.6,183.3,199.5,317413730.0,SDTTR
2025-09-16,212.404,219.4,200.8,219.4,860385623.0,SDTTR
2025-09-17,210.395,224.8,205.6,205.8,806003249.0,SDTTR
2025-09-18,208.849,215.0,204.1,210.2,614663998.0,SDTTR
2025-09-19,216.003,220.1,209.2,217.9,766833449.0,SDTTR
2025-09-22,230.651,235.1,223.3,231.9,925931731.0,SDTTR
2025-09-23,232.892,237.0,227.4,232.0,591698961.0,SDTTR
2025-09-24,236.362,242.5,229.7,233.8,643925941.0,SDTTR
2025-09-25,226.445,236.6,221.3,223.0,342942465.0,SDTTR
2025-09-26,219.894,225.5,214.7,215.6,349951632.0,SDTTR
2025-09-29,211.378,216.1,207.9,210.3,248503329.0,SDTTR
2025-09-30,206.824,211.6,203.0,206.6,191550957.0,SDTTR
2025-10-01,205.531,211.4,200.4,208.8,226733289.0,SDTTR
2025-10-02,207.198,210.8,204.1,205.2,170046894.0,SDTTR
2025-10-03,204.501,207.0,201.8,203.0,125611164.0,SDTTR
2025-10-06,198.025,204.7,194.4,195.0,208133061.0,SDTTR
2025-10-07,195.974,199.1,193.6,197.0,185441232.0,SDTTR
2025-10-08,196.01,199.3,193.0,193.0,155541274.0,SDTTR
2025-10-09,192.965,195.9,190.7,191.6,172400099.0,SDTTR
2025-10-10,191.301,193.2,189.0,190.5,116371586.0,SDTTR
2025-10-13,186.736,190.0,184.0,184.6,105240668.0,SDTTR
2025-10-14,183.922,188.3,180.0,180.3,139631658.0,SDTTR
2025-10-15,182.98,185.3,180.7,182.5,103368763.0,SDTTR
2025-10-16,183.346,185.7,180.2,182.4,101399931.0,SDTTR
2025-10-17,178.034,184.0,174.6,177.1,118410410.0,SDTTR
2025-10-20,177.918,180.3,174.8,178.0,93740626.0,SDTTR
2025-10-21,179.726,182.1,177.6,178.3,172123945.0,SDTTR
2025-10-22,180.877,183.3,177.5,177.5,221402816.0,SDTTR
2025-10-23,178.288,180.6,177.1,178.0,107215885.0,SDTTR
2025-10-24,182.582,184.9,178.1,183.3,148844223.0,SDTTR
2025-10-27,188.872,196.9,182.8,188.2,399385468.0,SDTTR
2025-10-28,187.271,191.6,184.4,184.4,87502928.0,SDTTR
2025-10-30,187.78,191.4,184.9,186.9,200382653.0,SDTTR
2025-10-31,188.734,191.3,184.5,190.5,135533571.0,SDTTR
2025-11-03,194.004,197.5,190.5,193.4,194428375.0,SDTTR
2025-11-04,190.16,195.6,187.1,188.8,111318889.0,SDTTR
2025-11-05,189.57,191.3,187.9,190.1,106835037.0,SDTTR
2025-11-06,190.981,192.7,189.3,191.0,109845055.0,SDTTR
2025-11-07,188.261,192.8,184.7,186.4,127610339.0,SDTTR
2025-11-10,185.794,189.1,184.3,185.0,73510074.0,SDTTR
2025-11-11,180.089,185.2,176.2,179.4,119204243.0,SDTTR
2025-11-12,179.73,182.8,177.0,178.1,117627977.0,SDTTR
2025-11-13,177.149,179.7,175.8,176.4,55522654.0,SDTTR
2025-11-14,179.361,184.6,175.0,176.0,194741793.0,SDTTR
2025-11-17,179.926,181.8,177.0,181.2,117476185.0,SDTTR
