entry,exit,symbol,weight,future_raw,future_eff
2025-01-02,2025-01-22,IPEKE,0.1783674165982366,-0.0052631578947367,-0.0052631578947367
2025-01-02,2025-01-22,KFEIN,0.35914374351525596,-0.1238107973866198,-0.03
2025-01-02,2025-01-22,KARTN,0.29670124665554376,-0.1394779771615008,-0.03
2025-01-02,2025-01-22,OYAKC,0.010210212939619219,0.0744865502321217,0.0744865502321217
2025-01-02,2025-01-22,TEZOL,0.15557738029134452,0.1730224488350682,0.1730224488350682
2025-01-03,2025-01-23,IPEKE,0.15179522572372353,-0.0289608177172061,-0.0289608177172061
2025-01-03,2025-01-23,KFEIN,0.39880753312638567,-0.1858351556084555,-0.03
2025-01-03,2025-01-23,OYAKC,0.008519873166721807,0.0655722280403192,0.0655722280403192
2025-01-03,2025-01-23,KARTN,0.252807842817342,-0.1324717285945071,-0.03
2025-01-03,2025-01-23,CIMSA,0.18806952516582714,-0.0979296721567789,-0.03
2025-01-07,2025-01-27,OYAKC,0.008184595712841294,0.0390099500336122,0.0390099500336122
2025-01-07,2025-01-27,CIMSA,0.24061308806976986,-0.1805321850264944,-0.03
2025-01-07,2025-01-27,IPEKE,0.15178893550822212,-0.0220848056537102,-0.0220848056537102
2025-01-07,2025-01-27,KARTN,0.26638673177333605,-0.2147859922178987,-0.03
2025-01-07,2025-01-27,KFEIN,0.33302664893583067,-0.1684939411425273,-0.03
2025-01-08,2025-01-28,KARTN,0.21376490560889427,-0.2176375404530743,-0.03
2025-01-08,2025-01-28,CIMSA,0.21873671219651739,-0.1878575302838546,-0.03
2025-01-08,2025-01-28,TCELL,0.24630190462840235,-0.0431584059280815,-0.03
2025-01-08,2025-01-28,OYAKC,0.13627227129513433,0.0479168016587832,0.0479168016587832
2025-01-08,2025-01-28,BERA,0.18492420627105166,0.0990099009900988,0.0990099009900988
2025-01-09,2025-01-29,CIMSA,0.22921877396437335,-0.1456246794775106,-0.03
2025-01-09,2025-01-29,TCELL,0.2655530892257718,-0.0250000708993918,-0.0250000708993918
2025-01-09,2025-01-29,SNGYO,0.19146725593317362,-0.0130718954248366,-0.0130718954248366
2025-01-09,2025-01-29,OYAKC,0.14950510221536373,0.0955044602113814,0.0955044602113814
2025-01-09,2025-01-29,IPEKE,0.16425577866131744,-0.0090744101633394,-0.0090744101633394
2025-01-10,2025-01-30,CIMSA,0.1789751951651531,-0.103969131950957,-0.03
2025-01-10,2025-01-30,TCELL,0.20236659186271636,0.0027938324651128,0.0027938324651128
2025-01-10,2025-01-30,OYAKC,0.15770827022219747,0.1214579708915009,0.1214579708915009
2025-01-10,2025-01-30,KOZAL,0.19399638021339494,0.0290748898678414,0.0290748898678414
2025-01-10,2025-01-30,PGSUS,0.2669535625365381,0.0266666666666666,0.0266666666666666
2025-01-14,2025-02-03,KOZAL,0.2214622695784279,0.0546448087431694,0.0546448087431694
2025-01-14,2025-02-03,HLGYO,0.1571342424327194,-0.0501610848879898,-0.03
2025-01-14,2025-02-03,KOZAA,0.18012908981000714,0.0252225519287832,0.0252225519287832
2025-01-14,2025-02-03,TCELL,0.23674785031931603,-0.0482959983757601,-0.03
2025-01-14,2025-02-03,IPEKE,0.20452654785952956,0.0160680529300567,0.0160680529300567
2025-01-15,2025-02-04,KRDMA,0.15087385501907233,-0.0173184357541898,-0.0173184357541898
2025-01-15,2025-02-04,TCELL,0.24244939789500314,-0.0558141964404428,-0.03
2025-01-15,2025-02-04,HLGYO,0.18068270957989493,-0.0425484600274268,-0.03
2025-01-15,2025-02-04,TTKOM,0.2137051193100171,0.0012285012285011,0.0012285012285011
2025-01-15,2025-02-04,KOZAL,0.21228891819601248,0.0559566787003609,0.0559566787003609
2025-01-16,2025-02-05,KRDMA,0.1393853653335898,0.0379464285714286,0.0379464285714286
2025-01-16,2025-02-05,HLGYO,0.16064337954887514,0.0036503362151778,0.0036503362151778
2025-01-16,2025-02-05,TTKOM,0.18497857807116236,0.0338809034907596,0.0338809034907596
2025-01-16,2025-02-05,AKCNS,0.2626270482622558,-0.1597462126064346,-0.03
2025-01-16,2025-02-05,PGSUS,0.25236562878411695,0.2012550425818018,0.2012550425818018
2025-01-17,2025-02-06,KRDMA,0.1520703237882986,0.0361111111111109,0.0361111111111109
2025-01-17,2025-02-06,TTKOM,0.2126560268866092,0.0514112903225805,0.0514112903225805
2025-01-17,2025-02-06,TCELL,0.20290704442303772,0.0028007038937221,0.0028007038937221
2025-01-17,2025-02-06,HLGYO,0.18606393299300455,0.0109877488514547,0.0109877488514547
2025-01-17,2025-02-06,NTHOL,0.24630267190904984,0.0076611086074807,0.0076611086074807
2025-01-21,2025-02-10,TKFEN,0.10357064854830408,0.217660728117738,0.217660728117738
2025-01-21,2025-02-10,HLGYO,0.1765829195383746,0.0185421747377385,0.0185421747377385
2025-01-21,2025-02-10,KRDMA,0.1618927362341044,-0.0219321148825064,-0.0219321148825064
2025-01-21,2025-02-10,MGROS,0.2725527427135447,-0.114600916805947,-0.03
2025-01-21,2025-02-10,ASELS,0.28540095296567225,0.3525444512568976,0.3525444512568976
2025-01-22,2025-02-11,HLGYO,0.16909917590983975,0.0146093988404027,0.0146093988404027
2025-01-22,2025-02-11,FROTO,0.40290811965541795,0.122482322572647,0.122482322572647
2025-01-22,2025-02-11,SNGYO,0.1552762961952089,0.1567944250871078,0.1567944250871078
2025-01-22,2025-02-11,TKFEN,0.09899288388795235,0.2437166793602436,0.2437166793602436
2025-01-22,2025-02-11,GUBRF,0.17372352435158092,0.1037906137184114,0.1037906137184114
2025-01-23,2025-02-12,BIMAS,0.3527796141379316,-0.0529147341509418,-0.03
2025-01-23,2025-02-12,SNGYO,0.1792417760022338,0.1777003484320556,0.1777003484320556
2025-01-23,2025-02-12,OYAKC,0.1913314015073233,0.1501984307812125,0.1501984307812125
2025-01-23,2025-02-12,AEFES,0.07832621767380601,0.1084102047584538,0.1084102047584538
2025-01-23,2025-02-12,GUBRF,0.19832099067870534,0.1099000908265213,0.1099000908265213
2025-01-24,2025-02-13,IPEKE,0.15082336625355894,0.0880281690140845,0.0880281690140845
2025-01-24,2025-02-13,KRDMA,0.17027615508789157,0.1117287381878822,0.1117287381878822
2025-01-24,2025-02-13,TKFEN,0.09738264530988963,0.3037037037037038,0.3037037037037038
2025-01-24,2025-02-13,TUKAS,0.27129945585361803,0.0949999999999999,0.0949999999999999
2025-01-24,2025-02-13,BIMAS,0.3102183774950417,-0.0949093927116281,-0.03
2025-01-28,2025-02-17,CLEBI,0.207144348873073,0.1650164890136227,0.1650164890136227
2025-01-28,2025-02-17,KRDMA,0.16552985216649987,0.087383943200437,0.087383943200437
2025-01-28,2025-02-17,IPEKE,0.16068463853125914,-0.0221465076660988,-0.0221465076660988
2025-01-28,2025-02-17,TUKAS,0.29200018567321856,0.1499999999999999,0.1499999999999999
2025-01-28,2025-02-17,KOZAL,0.17464097475594947,0.0237717908082408,0.0237717908082408
2025-01-29,2025-02-18,KOZAL,0.20330449311429993,0.04396482813749,0.04396482813749
2025-01-29,2025-02-18,CLEBI,0.25862398496749,0.1266816238936261,0.1266816238936261
2025-01-29,2025-02-18,IPEKE,0.19873659573255706,0.0,0.0
2025-01-29,2025-02-18,KRDMA,0.18435678497149588,0.1032990805840994,0.1032990805840994
2025-01-29,2025-02-18,TKFEN,0.1549781412141572,0.661764705882353,0.5
2025-01-30,2025-02-19,CLEBI,0.25881738474660076,0.0647321288790985,0.0647321288790985
2025-01-30,2025-02-19,KOZAL,0.20282724345618267,-0.0208835341365462,-0.0208835341365462
2025-01-30,2025-02-19,TUREX,0.11216027705193811,0.1854684512428299,0.1854684512428299
2025-01-30,2025-02-19,TKFEN,0.22288523208449626,0.564963503649635,0.5
2025-01-30,2025-02-19,IPEKE,0.2033098626607823,-0.0388007054673721,-0.03
2025-01-31,2025-02-20,CLEBI,0.2343368796329416,0.1648744899839165,0.1648744899839165
2025-01-31,2025-02-20,KOZAL,0.18033650089747666,0.0289389067524117,0.0289389067524117
2025-01-31,2025-02-20,IPEKE,0.18083218606827767,-0.0078947368421052,-0.0078947368421052
2025-01-31,2025-02-20,KOZAA,0.20630135847816136,-0.0175781249999998,-0.0175781249999998
2025-01-31,2025-02-20,TKFEN,0.19819307492314264,0.7012987012987015,0.5
2025-02-07,2025-02-27,BMSCH,0.16824881115691212,1.698575700918079,0.5
2025-02-07,2025-02-27,TKFEN,0.18862499966612323,1.1056338028169015,0.5
2025-02-07,2025-02-27,MAGEN,0.23107601771570055,0.059451219512195,0.059451219512195
2025-02-07,2025-02-27,CLEBI,0.22489870461950465,0.4137500361228012,0.4137500361228012
2025-02-07,2025-02-27,PAPIL,0.18715146684175943,1.4525547445255476,0.5
2025-02-11,2025-03-03,BMSCH,0.154809779903709,2.0912679402404466,0.5
2025-02-11,2025-03-03,TKFEN,0.19651310344509632,0.884159106769016,0.5
2025-02-11,2025-03-03,MAGEN,0.21832237569157928,0.1775100401606424,0.1775100401606424
2025-02-11,2025-03-03,SNGYO,0.24444817353993542,0.0696202531645568,0.0696202531645568
2025-02-11,2025-03-03,AEFES,0.18590656741968,-0.0371850462908706,-0.03
2025-02-12,2025-03-04,SNGYO,0.22771717128718397,0.125,0.125
2025-02-12,2025-03-04,MAGEN,0.21305828927981524,0.1783132530120481,0.1783132530120481
2025-02-12,2025-03-04,CEMTS,0.24370809428865736,0.3203148930956319,0.3203148930956319
2025-02-12,2025-03-04,ASELS,0.1618172749586314,0.1533923303834807,0.1533923303834807
2025-02-12,2025-03-04,OYAKC,0.15369917018571203,0.1320165372793027,0.1320165372793027
2025-02-13,2025-03-05,BMSCH,0.14328887650666958,2.8557922551145007,0.5
2025-02-13,2025-03-05,SNGYO,0.26927294516197736,0.0841121495327101,0.0841121495327101
2025-02-13,2025-03-05,MAGEN,0.23125684187550308,0.200164744645799,0.200164744645799
2025-02-13,2025-03-05,OYAKC,0.18014018676006732,0.0978715836145853,0.0978715836145853
2025-02-13,2025-03-05,ASELS,0.17604114969578266,0.1138519924098671,0.1138519924098671
2025-02-14,2025-03-06,ASELS,0.17274667463228063,0.0401069518716576,0.0401069518716576
2025-02-14,2025-03-06,SNGYO,0.2560803587007879,0.0981012658227848,0.0981012658227848
2025-02-14,2025-03-06,OYAKC,0.18921011290167167,0.0827577621793533,0.0827577621793533
2025-02-14,2025-03-06,TUREX,0.11411021687241846,16.701290719114937,0.5
2025-02-14,2025-03-06,TEKTU,0.26785263689284144,-0.1383928571428572,-0.03
2025-02-18,2025-03-10,SNGYO,0.19983994309041064,0.0838509316770186,0.0838509316770186
2025-02-18,2025-03-10,DOAS,0.20968645803165184,0.0188172521391791,0.0188172521391791
2025-02-18,2025-03-10,TTRAK,0.28779964004728403,-0.0258361421374402,-0.0258361421374402
2025-02-18,2025-03-10,PAPIL,0.11403270260418606,0.7153996101364524,0.5
2025-02-18,2025-03-10,CEMTS,0.18864125622646757,0.3115818956526919,0.3115818956526919
2025-02-19,2025-03-11,DOAS,0.2118954668175531,0.0412370452286461,0.0412370452286461
2025-02-19,2025-03-11,SNGYO,0.1982481007449836,0.0301204819277107,0.0301204819277107
2025-02-19,2025-03-11,TTRAK,0.28351113466413547,-0.0665408953346696,-0.03
2025-02-19,2025-03-11,PAPIL,0.11516410333991565,0.6400709219858156,0.5
2025-02-19,2025-03-11,TRGYO,0.1911811944334123,0.0763628801343287,0.0763628801343287
2025-02-20,2025-03-12,DOAS,0.23803446418542373,0.0100044575048734,0.0100044575048734
2025-02-20,2025-03-12,PAPIL,0.11385589145694786,0.6260089686098653,0.5
2025-02-20,2025-03-12,CEMTS,0.18812763502122024,0.3823552942117687,0.3823552942117687
2025-02-20,2025-03-12,FROTO,0.1709828048998354,-0.0202787989712682,-0.0202787989712682
2025-02-20,2025-03-12,GSDHO,0.2889992044365728,0.0871794871794873,0.0871794871794873
2025-02-21,2025-03-13,SNGYO,0.22181313299428762,-0.0171428571428571,-0.0171428571428571
2025-02-21,2025-03-13,CEMTS,0.2254377370223196,0.2471028405454636,0.2471028405454636
2025-02-21,2025-03-13,KOZAL,0.14189882293812556,0.1131086142322097,0.1131086142322097
2025-02-21,2025-03-13,DOAS,0.28477855564681154,-0.0128205439092109,-0.0128205439092109
2025-02-21,2025-03-13,IPEKE,0.1260717513984556,0.1051779935275081,0.1051779935275081
2025-02-25,2025-03-17,DOAS,0.25472750994487486,-0.0222690365883199,-0.0222690365883199
2025-02-25,2025-03-17,CLEBI,0.14854016478334237,0.1371914115817893,0.1371914115817893
2025-02-25,2025-03-17,PAPIL,0.15048869244148244,0.2218774243599688,0.2218774243599688
2025-02-25,2025-03-17,ASELS,0.2068101645965776,-0.0041084634346754,-0.0041084634346754
2025-02-25,2025-03-17,SNGYO,0.23943346823372286,-0.0779944289693592,-0.03
2025-02-26,2025-03-18,DOAS,0.22473833086482903,-0.0796061093472193,-0.03
2025-02-26,2025-03-18,PAPIL,0.13052501539357841,0.2223006351446719,0.2223006351446719
2025-02-26,2025-03-18,CLEBI,0.12991477187096057,0.1412935774482699,0.1412935774482699
2025-02-26,2025-03-18,TKFEN,0.18886515090699557,0.2433628318584071,0.2433628318584071
2025-02-26,2025-03-18,TTRAK,0.3259567309636364,-0.2026703835639813,-0.03
2025-02-27,2025-03-19,DOAS,0.27856643551312216,-0.0066610125162329,-0.0066610125162329
2025-02-27,2025-03-19,PAPIL,0.1498986706453538,0.2771903323262839,0.2771903323262839
2025-02-27,2025-03-19,CLEBI,0.17629566904141977,0.2127882610242055,0.2127882610242055
2025-02-27,2025-03-19,IPEKE,0.18132871480378687,0.2697247706422019,0.2697247706422019
2025-02-27,2025-03-19,KOZAA,0.21391050999631722,0.1986486486486487,0.1986486486486487
2025-02-28,2025-03-20,DOAS,0.2768204390153018,-0.0935916659410311,-0.03
2025-02-28,2025-03-20,KOZAL,0.20602980450278424,0.0890624999999998,0.0890624999999998
2025-02-28,2025-03-20,PAPIL,0.15416887055022271,0.2122252747252746,0.2122252747252746
2025-02-28,2025-03-20,CLEBI,0.17931978407526256,0.1355768762325815,0.1355768762325815
2025-02-28,2025-03-20,IPEKE,0.18366110185642873,0.2122015915119364,0.2122015915119364
2025-03-07,2025-03-27,PAPIL,0.11926332777880791,0.2601190476190476,0.2601190476190476
2025-03-07,2025-03-27,TUREX,0.19258764564315323,16.14876033057851,0.5
2025-03-07,2025-03-27,TKFEN,0.30204483017385964,-0.0903010033444816,-0.03
2025-03-07,2025-03-27,CLEBI,0.16588502716162484,-0.0180562758755693,-0.0180562758755693
2025-03-07,2025-03-27,KFEIN,0.2202191692425544,-0.0525438999099052,-0.03
2025-03-13,2025-04-02,PAPIL,0.12560462340818185,0.2086590499098017,0.2086590499098017
2025-03-13,2025-04-02,TUREX,0.2232201820135135,16.2,0.5
2025-03-13,2025-04-02,BMSCH,0.11729824120401057,-0.0826319816373374,-0.03
2025-03-13,2025-04-02,TKFEN,0.2850298707474533,0.0288888888888889,0.0288888888888889
2025-03-13,2025-04-02,ENKAI,0.24884708262684074,0.0841256002546324,0.0841256002546324
2025-03-14,2025-04-03,TUREX,0.22309012957803212,0.6211678832116789,0.5
2025-03-14,2025-04-03,BMSCH,0.11805761028820866,-0.1169102296450939,-0.03
2025-03-14,2025-04-03,TKFEN,0.22174503189155098,0.1164274322169058,0.1164274322169058
2025-03-14,2025-04-03,PAPIL,0.12705362705706236,0.0934937124111536,0.0934937124111536
2025-03-14,2025-04-03,ALARK,0.3100536011851458,-0.1376657788543889,-0.03
2025-03-18,2025-04-07,TUREX,0.1901935146561786,0.6284722222222221,0.5
2025-03-18,2025-04-07,CEMTS,0.3409785579892091,0.2183452041234563,0.2183452041234563
2025-03-18,2025-04-07,BMSCH,0.10030317638545112,-0.1901408450704225,-0.03
2025-03-18,2025-04-07,CLEBI,0.16513325648215646,-0.2332277746845219,-0.03
2025-03-18,2025-04-07,KOZAA,0.20339149448700466,0.0808270676691729,0.0808270676691729
2025-03-19,2025-04-08,TUREX,0.18872807218289303,0.6114093959731544,0.5
2025-03-19,2025-04-08,CEMTS,0.23189666371767093,0.06711500270807,0.06711500270807
2025-03-19,2025-04-08,IPEKE,0.1869157975343729,0.1292229729729728,0.1292229729729728
2025-03-19,2025-04-08,KOZAA,0.20639791291259507,0.1065573770491803,0.1065573770491803
2025-03-19,2025-04-08,KOZAL,0.1860615536524681,-0.0832740213523132,-0.03
2025-03-20,2025-04-09,TUREX,0.1867160034837048,0.4217105263157894,0.4217105263157894
2025-03-20,2025-04-09,CEMTS,0.26548422042489733,-0.0578391096228877,-0.03
2025-03-20,2025-04-09,BMSCH,0.12172136299689294,-0.1812274368231047,-0.03
2025-03-20,2025-04-09,QUAGR,0.24216031491015594,0.1769722814498933,0.1769722814498933
2025-03-20,2025-04-09,BIOEN,0.18391809818434904,0.0427263479145472,0.0427263479145472
2025-03-21,2025-04-10,CEMTS,0.2251169004146881,-0.0582676463377488,-0.03
2025-03-21,2025-04-10,BAGFS,0.2238285119963864,0.2111280487804878,0.2111280487804878
2025-03-21,2025-04-10,TUREX,0.18598389144780242,0.2088253573648228,0.2088253573648228
2025-03-21,2025-04-10,BIOEN,0.15476458000877558,0.1067273646939808,0.1067273646939808
2025-03-21,2025-04-10,QUAGR,0.21030611613234754,0.1645569620253162,0.1645569620253162
2025-03-25,2025-04-14,BAGFS,0.22590171744598647,0.157854406130268,0.157854406130268
2025-03-25,2025-04-14,CEMTS,0.2203808258447573,-0.0985616790195935,-0.03
2025-03-25,2025-04-14,TUREX,0.2038941156648483,-0.0702064896755162,-0.03
2025-03-25,2025-04-14,QUAGR,0.19624108112642347,0.1321499013806706,0.1321499013806706
2025-03-25,2025-04-14,BIOEN,0.15358225991798444,0.1604938271604936,0.1604938271604936
2025-03-26,2025-04-15,BAGFS,0.20298083897297514,0.0397212543554006,0.0397212543554006
2025-03-26,2025-04-15,CEMTS,0.21332199594516318,-0.1375895247052015,-0.03
2025-03-26,2025-04-15,TUREX,0.19185738585060452,-0.1868194842406877,-0.03
2025-03-26,2025-04-15,QUAGR,0.18745036642808596,0.1428571428571428,0.1428571428571428
2025-03-26,2025-04-15,IPEKE,0.2043894128031713,-0.0826568265682656,-0.03
2025-03-27,2025-04-16,BAGFS,0.20348362495839972,0.1035502958579881,0.1035502958579881
2025-03-27,2025-04-16,QUAGR,0.18843673771904038,0.1999999999999999,0.1999999999999999
2025-03-27,2025-04-16,TUREX,0.2095465616366877,-0.2587006960556844,-0.03
2025-03-27,2025-04-16,IPEKE,0.20715248473577522,-0.0287044220325833,-0.0287044220325833
2025-03-27,2025-04-16,TUKAS,0.1913805909500969,0.1056910569105691,0.1056910569105691
2025-03-28,2025-04-17,BAGFS,0.2004967421180396,0.1702453987730061,0.1702453987730061
2025-03-28,2025-04-17,CEMTS,0.20345419868343573,-0.1761336970550275,-0.03
2025-03-28,2025-04-17,QUAGR,0.19065354792602657,0.149312377210216,0.149312377210216
2025-03-28,2025-04-17,TUREX,0.2119594266714458,-0.3471355643788996,-0.03
2025-03-28,2025-04-17,TUKAS,0.19343608460105233,0.0433070866141731,0.0433070866141731
2025-04-08,2025-04-28,TUKAS,0.2043277295122982,-0.0557768924302787,-0.03
2025-04-08,2025-04-28,KOZAA,0.1993714587081092,-0.0960264900662251,-0.03
2025-04-08,2025-04-28,IPEKE,0.18787576872350337,-0.1512301013024601,-0.03
2025-04-08,2025-04-28,TOASO,0.21154296534140793,-0.0633299284984678,-0.03
2025-04-08,2025-04-28,KRDMA,0.19688207771468136,-0.0375066032752245,-0.03
2025-04-09,2025-04-29,TOASO,0.2119064503950804,-0.0967581047381546,-0.03
2025-04-09,2025-04-29,KRDMA,0.1994306743857267,-0.0246913580246913,-0.0246913580246913
2025-04-09,2025-04-29,KOZAA,0.1998710610562749,-0.0553072625698324,-0.03
2025-04-09,2025-04-29,IPEKE,0.18993601950687405,-0.0970588235294117,-0.03
2025-04-09,2025-04-29,TUKAS,0.19885579465604392,-0.0597609561752987,-0.03
2025-04-10,2025-04-30,TOASO,0.20764809685546495,-0.1149999999999999,-0.03
2025-04-10,2025-04-30,MAVI,0.19686632579037008,-0.0180400619103584,-0.0180400619103584
2025-04-10,2025-04-30,KRDMA,0.19108271404318014,0.0056876938986556,0.0056876938986556
2025-04-10,2025-04-30,KOZAA,0.1913156622027304,0.0,0.0
2025-04-10,2025-04-30,TUKAS,0.21308720110825435,-0.0292887029288704,-0.0292887029288704
2025-04-15,2025-05-05,MAVI,0.22087154984915525,-0.0287428686906371,-0.0287428686906371
2025-04-15,2025-05-05,TOASO,0.21365221621099004,-0.0954946131243879,-0.03
2025-04-15,2025-05-05,LOGO,0.1848047591551597,0.0375277298965384,0.0375277298965384
2025-04-15,2025-05-05,KRDMA,0.19750888797937882,0.0896151818661046,0.0896151818661046
2025-04-15,2025-05-05,ASELS,0.18316258680531625,-0.016949152542373,-0.016949152542373
2025-04-16,2025-05-06,KRDMA,0.18051893637126942,0.1052631578947369,0.1052631578947369
2025-04-16,2025-05-06,EREGL,0.19167078844971483,0.0151247815686341,0.0151247815686341
2025-04-16,2025-05-06,MAVI,0.20531786465705676,-0.0044108380592311,-0.0044108380592311
2025-04-16,2025-05-06,AKFGY,0.21139903787299041,-0.0480769230769231,-0.03
2025-04-16,2025-05-06,TRGYO,0.21109337264896866,0.059071495151574,0.059071495151574
2025-04-17,2025-05-07,AKFGY,0.20858381411367072,-0.037914691943128,-0.03
2025-04-17,2025-05-07,KIMMR,0.22968127503120572,0.1883052527254707,0.1883052527254707
2025-04-17,2025-05-07,SNGYO,0.15117832771505277,0.0874635568513118,0.0874635568513118
2025-04-17,2025-05-07,MAVI,0.20319786436896872,-0.0015423329815732,-0.0015423329815732
2025-04-17,2025-05-07,AKENR,0.20735871877110199,0.0976958525345623,0.0976958525345623
2025-04-18,2025-05-08,AKENR,0.2210263460193062,0.0083822296730931,0.0083822296730931
2025-04-18,2025-05-08,EREGL,0.15020660493682064,0.0695906686323821,0.0695906686323821
2025-04-18,2025-05-08,SNGYO,0.1380729112327111,0.1152737752161383,0.1152737752161383
2025-04-18,2025-05-08,AKFGY,0.200434313076339,0.0093896713615022,0.0093896713615022
2025-04-18,2025-05-08,KIMMR,0.2902598247348231,0.2234042553191491,0.2234042553191491
2025-04-22,2025-05-12,AKENR,0.2694410317744496,-0.1071161048689138,-0.03
2025-04-22,2025-05-12,FROTO,0.18674821729177582,-0.1480347115875446,-0.03
2025-04-22,2025-05-12,MAVI,0.18601797420920438,0.0632028170432299,0.0632028170432299
2025-04-22,2025-05-12,SNGYO,0.14449810070844302,0.0722222222222221,0.0722222222222221
2025-04-22,2025-05-12,AKFGY,0.21329467601612717,-0.0407239819004524,-0.03
2025-04-24,2025-05-14,AKENR,0.2323180838199259,-0.0776143790849673,-0.03
2025-04-24,2025-05-14,FROTO,0.17151726573360856,-0.1382703262558259,-0.03
2025-04-24,2025-05-14,EKGYO,0.14582899771518412,0.1400188507054054,0.1400188507054054
2025-04-24,2025-05-14,AKFGY,0.1787854240854138,-0.0593607305936072,-0.03
2025-04-24,2025-05-14,KIMMR,0.2715502286458676,0.0034782608695651,0.0034782608695651
2025-04-25,2025-05-15,AKENR,0.25781614465833247,-0.0981346309813463,-0.03
2025-04-25,2025-05-15,FROTO,0.16976488956256375,-0.1005347593582888,-0.03
2025-04-25,2025-05-15,EKGYO,0.17386754205868563,0.104548312109826,0.104548312109826
2025-04-25,2025-05-15,AKFGY,0.27395437312096016,-0.0460829493087557,-0.03
2025-04-25,2025-05-15,SNGYO,0.12459705059945808,0.0356164383561643,0.0356164383561643
2025-04-30,2025-05-20,AKENR,0.2874553122635567,-0.1305439330543931,-0.03
2025-04-30,2025-05-20,EKGYO,0.2084967816781048,0.0192477184203792,0.0192477184203792
2025-04-30,2025-05-20,BIOEN,0.1486289178522867,-0.0580474934036937,-0.03
2025-04-30,2025-05-20,KUTPO,0.18953852039739952,-0.0943287037037037,-0.03
2025-04-30,2025-05-20,MAGEN,0.1658804678086523,-0.019607843137255,-0.019607843137255
2025-05-08,2025-05-28,TMSN,0.24787954771060774,0.0349999999999999,0.0349999999999999
2025-05-08,2025-05-28,MAGEN,0.18712268173008395,0.008,0.008
2025-05-08,2025-05-28,EKGYO,0.176479829650558,0.2476801645685664,0.2476801645685664
2025-05-08,2025-05-28,TCELL,0.2425994111299587,0.0220145005947136,0.0220145005947136
2025-05-08,2025-05-28,TEKTU,0.14591852977879166,0.5743243243243243,0.5
2025-05-09,2025-05-29,TMSN,0.24104514698859433,0.0575968222442899,0.0575968222442899
2025-05-09,2025-05-29,KIMMR,0.13682041599006367,-0.0381493506493506,-0.03
2025-05-09,2025-05-29,MAGEN,0.1949321177048301,0.0024449877750609,0.0024449877750609
2025-05-09,2025-05-29,EKGYO,0.1624003913722347,0.3158087106536644,0.3158087106536644
2025-05-09,2025-05-29,HLGYO,0.26480192794427726,0.2348013403542364,0.2348013403542364
2025-05-13,2025-06-02,TEKTU,0.13541190961093477,0.6278317152103561,0.5
2025-05-13,2025-06-02,TMSN,0.2700321769351793,0.116132422490804,0.116132422490804
2025-05-13,2025-06-02,MAGEN,0.2385922310021198,-0.0184523809523808,-0.0184523809523808
2025-05-13,2025-06-02,NTHOL,0.19903741818264653,0.1172069825436408,0.1172069825436408
2025-05-13,2025-06-02,KIMMR,0.1569262642691198,0.0686540198735321,0.0686540198735321
2025-05-14,2025-06-03,TMSN,0.2643258833208976,0.1148051948051946,0.1148051948051946
2025-05-14,2025-06-03,TEKTU,0.13700075667837552,0.7696000000000001,0.5
2025-05-14,2025-06-03,NTHOL,0.20212408503157614,0.095121951219512,0.095121951219512
2025-05-14,2025-06-03,MAGEN,0.24001122190969776,-0.0528128587830081,-0.03
2025-05-14,2025-06-03,EKGYO,0.15653805305945298,0.1955627770756856,0.1955627770756856
2025-05-15,2025-06-04,TEKTU,0.12116923263104719,0.770014556040757,0.5
2025-05-15,2025-06-04,TMSN,0.2701902527205564,0.0819009100101111,0.0819009100101111
2025-05-15,2025-06-04,MAGEN,0.24613918094570048,-0.0639999999999999,-0.03
2025-05-15,2025-06-04,KOZAA,0.21833406942498268,-0.0505394662123793,-0.03
2025-05-15,2025-06-04,KIMMR,0.14416726427771334,0.0169348010160879,0.0169348010160879
2025-05-16,2025-06-05,TMSN,0.3059906975064003,-0.0441582336706531,-0.03
2025-05-16,2025-06-05,TEKTU,0.1347819623520432,0.7111111111111112,0.5
2025-05-16,2025-06-05,TRGYO,0.24771590312924485,0.1303278688524591,0.1303278688524591
2025-05-16,2025-06-05,EKGYO,0.1736729716989443,0.1772052668641961,0.1772052668641961
2025-05-16,2025-06-05,BMSCH,0.13783846531336738,0.3651452282157674,0.3651452282157674
2025-05-21,2025-06-10,EKGYO,0.18888653641237324,0.1596471257825837,0.1596471257825837
2025-05-21,2025-06-10,TRGYO,0.22283684813634314,0.0669781931464175,0.0669781931464175
2025-05-21,2025-06-10,TEKTU,0.10742410220456165,0.5615615615615617,0.5
2025-05-21,2025-06-10,BIMAS,0.23501640229298804,-0.0621318734862924,-0.03
2025-05-21,2025-06-10,OZKGY,0.24583611095373378,0.0868397493285586,0.0868397493285586
2025-05-22,2025-06-11,EKGYO,0.18261884930269373,0.1590322272162188,0.1590322272162188
2025-05-22,2025-06-11,HLGYO,0.24728490793325617,0.1446831755280408,0.1446831755280408
2025-05-22,2025-06-11,KRDMA,0.10369705568886982,-0.1665217391304346,-0.03
2025-05-22,2025-06-11,TRGYO,0.22838235435959914,0.0952380952380953,0.0952380952380953
2025-05-22,2025-06-11,TAVHL,0.23801683271558133,0.0939406262708417,0.0939406262708417
2025-05-23,2025-06-12,EKGYO,0.20741563422430287,0.2389957613302902,0.2389957613302902
2025-05-23,2025-06-12,KRDMA,0.11513769687453132,-0.1286271113035946,-0.03
2025-05-23,2025-06-12,OZKGY,0.274252007338451,0.1487226277372262,0.1487226277372262
2025-05-23,2025-06-12,TEKTU,0.12331227222831558,0.6570048309178742,0.5
2025-05-23,2025-06-12,HLGYO,0.2798823893343992,0.2185790287891935,0.2185790287891935
2025-05-27,2025-06-16,EKGYO,0.15849750853061725,0.2139107611548556,0.2139107611548556
2025-05-27,2025-06-16,MAVI,0.2723450740336246,0.2123745819397993,0.2123745819397993
2025-05-27,2025-06-16,OZKGY,0.26051823360224136,0.1510658016682113,0.1510658016682113
2025-05-27,2025-06-16,KRDMA,0.09410263359185744,-0.236328125,-0.03
2025-05-27,2025-06-16,TRGYO,0.21453655024165935,0.0881652104845114,0.0881652104845114
2025-05-28,2025-06-17,KRDMA,0.10232640157683107,-0.2657223796033994,-0.03
2025-05-28,2025-06-17,EKGYO,0.17075628680625043,0.2369291859695568,0.2369291859695568
2025-05-28,2025-06-17,MAVI,0.2926055432319222,0.1941143180531974,0.1941143180531974
2025-05-28,2025-06-17,SNGYO,0.2086432486560636,0.142857142857143,0.142857142857143
2025-05-28,2025-06-17,IPEKE,0.22566851972893268,-0.084126984126984,-0.03
2025-05-29,2025-06-18,MAVI,0.2618463558145364,0.2190751445086705,0.2190751445086705
2025-05-29,2025-06-18,EKGYO,0.1407081902796704,0.3333333333333335,0.3333333333333335
2025-05-29,2025-06-18,TRGYO,0.1875519193871658,0.1405361494719741,0.1405361494719741
2025-05-29,2025-06-18,SNGYO,0.1717639688007817,0.2113821138211382,0.2113821138211382
2025-05-29,2025-06-18,OZKGY,0.2381295657178455,0.25,0.25
2025-05-30,2025-06-19,EKGYO,0.14990998832281396,0.3584379358437937,0.3584379358437937
2025-05-30,2025-06-19,MAVI,0.2690280140737292,0.2290825158684364,0.2290825158684364
2025-05-30,2025-06-19,TUPRS,0.15163413236474468,0.1481223816504182,0.1481223816504182
2025-05-30,2025-06-19,EREGL,0.22714862897142346,0.0746278147379799,0.0746278147379799
2025-05-30,2025-06-19,ISGYO,0.20227923626728864,0.1828793774319064,0.1828793774319064
2025-06-03,2025-06-23,SDTTR,0.2288709666628273,-0.1870378425402349,-0.03
2025-06-03,2025-06-23,ASELS,0.12464456116733451,0.1998640380693406,0.1998640380693406
2025-06-03,2025-06-23,TUPRS,0.13488424329046594,0.1233147608693061,0.1233147608693061
2025-06-03,2025-06-23,FONET,0.2773497265749465,0.0505705279048085,0.0505705279048085
2025-06-03,2025-06-23,MAVI,0.2342505023044258,0.2507322788517867,0.2507322788517867
2025-06-04,2025-06-24,SDTTR,0.20973424614997277,-0.0888888888888889,-0.03
2025-06-04,2025-06-24,ASELS,0.12588355968145135,0.2629733520336605,0.2629733520336605
2025-06-04,2025-06-24,MAVI,0.2347688948072898,0.2058319039451115,0.2058319039451115
2025-06-04,2025-06-24,EREGL,0.20211669755127207,0.0521575052607876,0.0521575052607876
2025-06-04,2025-06-24,FONET,0.22749660181001405,0.0426831910560296,0.0426831910560296
2025-06-10,2025-06-30,BMSCH,0.20678768480050974,-0.1856435643564357,-0.03
2025-06-10,2025-06-30,TEKTU,0.09773190457338704,0.6261061946902655,0.5
2025-06-10,2025-06-30,AKFGY,0.20093325636485257,0.15625,0.15625
2025-06-10,2025-06-30,KRDMB,0.3191002037317055,0.031150159744409,0.031150159744409
2025-06-10,2025-06-30,EKGYO,0.17544695052954512,0.1049999999999999,0.1049999999999999
2025-06-11,2025-07-01,BMSCH,0.2095283565555551,-0.1366728509585653,-0.03
2025-06-11,2025-07-01,TEKTU,0.10253811817975107,0.5464480874316939,0.5
2025-06-11,2025-07-01,AKFGY,0.20472578140075998,0.11787072243346,0.11787072243346
2025-06-11,2025-07-01,EKGYO,0.18148299060198514,0.1053221288515404,0.1053221288515404
2025-06-11,2025-07-01,EREGL,0.30172475326194864,0.0064272211720226,0.0064272211720226
2025-06-12,2025-07-02,AEFES,0.15855295955655827,-0.010443864229765,-0.010443864229765
2025-06-12,2025-07-02,BMSCH,0.19993470432508909,-0.1563439567047504,-0.03
2025-06-12,2025-07-02,AKFGY,0.18858166107028393,0.0774907749077491,0.0774907749077491
2025-06-12,2025-07-02,EKGYO,0.20815866738843722,0.0991140642303434,0.0991140642303434
2025-06-12,2025-07-02,TUPRS,0.24477200765963159,0.1465097743852965,0.1465097743852965
2025-06-13,2025-07-03,AEFES,0.2403294900816201,-0.0422885572139302,-0.03
2025-06-13,2025-07-03,AKFGY,0.17054167120303088,0.0695970695970695,0.0695970695970695
2025-06-13,2025-07-03,EKGYO,0.19198045665828423,0.1241610738255034,0.1241610738255034
2025-06-13,2025-07-03,HLGYO,0.19975765816574204,0.1938290631220702,0.1938290631220702
2025-06-13,2025-07-03,BMSCH,0.19739072389132287,-0.1349693251533743,-0.03
2025-06-17,2025-07-07,AEFES,0.2538363791513834,0.0109536082474226,0.0109536082474226
2025-06-17,2025-07-07,EKGYO,0.19307547079211362,0.1258465011286682,0.1258465011286682
2025-06-17,2025-07-07,AKFGY,0.16700522358673672,0.0105633802816902,0.0105633802816902
2025-06-17,2025-07-07,OZKGY,0.18790932323237985,0.0577235772357722,0.0577235772357722
2025-06-17,2025-07-07,HLGYO,0.19817360323738653,0.1596316434610427,0.1596316434610427
2025-06-18,2025-07-08,AKFGY,0.14842073347628185,0.0034965034965035,0.0034965034965035
2025-06-18,2025-07-08,EKGYO,0.16378329535638525,0.1070831009481316,0.1070831009481316
2025-06-18,2025-07-08,AEFES,0.22234374108298505,0.0697827518104017,0.0697827518104017
2025-06-18,2025-07-08,ZOREN,0.30226368350235266,0.1362126245847177,0.1362126245847177
2025-06-18,2025-07-08,OZKGY,0.1631885465819953,0.0815485996705107,0.0815485996705107
2025-06-19,2025-07-09,EKGYO,0.1569077351022777,0.0918591859185919,0.0918591859185919
2025-06-19,2025-07-09,AEFES,0.21239503966203022,0.0742637644046095,0.0742637644046095
2025-06-19,2025-07-09,AKFGY,0.1408062575537621,0.0139860139860139,0.0139860139860139
2025-06-19,2025-07-09,GWIND,0.2310677246326625,0.1079077429983523,0.1079077429983523
2025-06-19,2025-07-09,HEKTS,0.2588232430492673,0.2839116719242902,0.2839116719242902
2025-06-20,2025-07-10,AEFES,0.23198314981835738,0.0878634639696587,0.0878634639696587
2025-06-20,2025-07-10,CANTE,0.18679796155044986,0.3726708074534159,0.3726708074534159
2025-06-20,2025-07-10,BAGFS,0.13819030604531152,0.2083071113908117,0.2083071113908117
2025-06-20,2025-07-10,ENKAI,0.2654885734488327,0.1140220642589573,0.1140220642589573
2025-06-20,2025-07-10,AYDEM,0.17754000913704857,0.0365853658536585,0.0365853658536585
2025-06-24,2025-07-14,BAGFS,0.15635244082507008,0.1072274881516588,0.1072274881516588
2025-06-24,2025-07-14,AEFES,0.22941990154204456,0.1157894736842106,0.1157894736842106
2025-06-24,2025-07-14,HUNER,0.21513376815606838,0.0201005025125626,0.0201005025125626
2025-06-24,2025-07-14,AKFGY,0.13362006587190892,0.0855018587360594,0.0855018587360594
2025-06-24,2025-07-14,HEKTS,0.26547382360490807,0.2543352601156068,0.2543352601156068
2025-06-26,2025-07-16,EUPWR,0.1731300747875192,-0.0154798761609905,-0.0154798761609905
2025-06-26,2025-07-16,BAGFS,0.1418791016034497,0.0639032815198616,0.0639032815198616
2025-06-26,2025-07-16,HEKTS,0.24825530637565643,0.2696629213483144,0.2696629213483144
2025-06-26,2025-07-16,GWIND,0.23018567060892456,0.0583067092651756,0.0583067092651756
2025-06-26,2025-07-16,SMRTG,0.20654984662445,0.0108418367346938,0.0108418367346938
2025-06-27,2025-07-17,EUPWR,0.19007817485597714,-0.0742305371152686,-0.03
2025-06-27,2025-07-17,BAGFS,0.15450196232017405,0.0545945945945947,0.0545945945945947
2025-06-27,2025-07-17,SMRTG,0.22871200143111525,-0.0314663310258024,-0.03
2025-06-27,2025-07-17,GWIND,0.2620912127442624,0.0568271507498028,0.0568271507498028
2025-06-27,2025-07-17,EKGYO,0.16461664864847114,-0.0109603340292275,-0.0109603340292275
2025-07-03,2025-07-23,MAGEN,0.13612016187473344,0.2561094819159337,0.2561094819159337
2025-07-03,2025-07-23,AKSEN,0.22638272530322892,0.1530557057869119,0.1530557057869119
2025-07-03,2025-07-23,INDES,0.2384356420087447,0.1096075778078484,0.1096075778078484
2025-07-03,2025-07-23,HLGYO,0.14195985242298426,0.0721147816489828,0.0721147816489828
2025-07-03,2025-07-23,QUAGR,0.2571016183903086,0.0790629575402634,0.0790629575402634
2025-07-08,2025-07-28,HLGYO,0.17638405231396997,0.0825137609892261,0.0825137609892261
2025-07-08,2025-07-28,SARKY,0.25253443897138184,0.038922155688623,0.038922155688623
2025-07-08,2025-07-28,BAGFS,0.12674745426933123,-0.0217983651226159,-0.0217983651226159
2025-07-08,2025-07-28,ZOREN,0.2897479477339057,0.2492492492492493,0.2492492492492493
2025-07-08,2025-07-28,MAGEN,0.15458610671141126,0.1756097560975611,0.1756097560975611
2025-07-09,2025-07-29,MAGEN,0.1746865167448394,0.214975845410628,0.214975845410628
2025-07-09,2025-07-29,BAGFS,0.14420094107228215,0.0226019845644982,0.0226019845644982
2025-07-09,2025-07-29,HLGYO,0.19831882961708788,0.0899702245231899,0.0899702245231899
2025-07-09,2025-07-29,CANTE,0.26407459185220566,0.2679425837320575,0.2679425837320575
2025-07-09,2025-07-29,HEKTS,0.2187191207135849,0.227390180878553,0.227390180878553
2025-07-10,2025-07-30,HLGYO,0.1565153354674703,0.0843852579328012,0.0843852579328012
2025-07-10,2025-07-30,TMSN,0.1942956624541801,0.1001697792869269,0.1001697792869269
2025-07-10,2025-07-30,PRKME,0.24809010687964148,0.1022548505506029,0.1022548505506029
2025-07-10,2025-07-30,TLMAN,0.23752111364765108,0.3309776207302708,0.3309776207302708
2025-07-10,2025-07-30,HUNER,0.163577781551057,-0.0861678004535146,-0.03
2025-07-11,2025-07-31,CANTE,0.25076339835399236,0.3666666666666667,0.3666666666666667
2025-07-11,2025-07-31,TMSN,0.22876826381604873,0.1166666666666667,0.1166666666666667
2025-07-11,2025-07-31,HEKTS,0.1529976341253992,0.1717171717171717,0.1717171717171717
2025-07-11,2025-07-31,KIMMR,0.1671739885538964,0.0429275158339197,0.0429275158339197
2025-07-11,2025-07-31,HUNER,0.20029671515066333,-0.0850111856823265,-0.03
2025-07-16,2025-08-05,CANTE,0.23345150027334183,0.1542056074766356,0.1542056074766356
2025-07-16,2025-08-05,MAGEN,0.1331326516287425,0.2319347319347318,0.2319347319347318
2025-07-16,2025-08-05,ENKAI,0.2050993897831605,-0.0107834990635382,-0.0107834990635382
2025-07-16,2025-08-05,ASTOR,0.15392946861379028,0.0926584086405866,0.0926584086405866
2025-07-16,2025-08-05,PENTA,0.27438698970096487,0.07217125382263,0.07217125382263
2025-07-17,2025-08-06,MAGEN,0.11439450773092015,0.2620912022109629,0.2620912022109629
2025-07-17,2025-08-06,CANTE,0.19285544981306368,0.095022624434389,0.095022624434389
2025-07-17,2025-08-06,KFEIN,0.2163686961063101,8.32277924362357,0.5
2025-07-17,2025-08-06,PETUN,0.3058016464111557,0.0861618798955614,0.0861618798955614
2025-07-17,2025-08-06,ENKAI,0.17057969993855032,-0.015804436817881,-0.015804436817881
2025-07-18,2025-08-07,CANTE,0.18865020791344825,0.0213675213675215,0.0213675213675215
2025-07-18,2025-08-07,KORDS,0.18203566171854763,0.0893719806763286,0.0893719806763286
2025-07-18,2025-08-07,PETUN,0.2932462652506743,0.0511744966442953,0.0511744966442953
2025-07-18,2025-08-07,ZOREN,0.22637086535406079,0.1072463768115941,0.1072463768115941
2025-07-18,2025-08-07,MAGEN,0.10969699976326916,0.247191011235955,0.247191011235955
2025-07-22,2025-08-11,CANTE,0.19338622733336697,0.0045871559633026,0.0045871559633026
2025-07-22,2025-08-11,BIOEN,0.2179760598918554,0.1087160262417994,0.1087160262417994
2025-07-22,2025-08-11,PETUN,0.2913069607489034,0.055732484076433,0.055732484076433
2025-07-22,2025-08-11,MAGEN,0.11231806052480002,0.2661290322580645,0.2661290322580645
2025-07-22,2025-08-11,TOASO,0.18501269150107424,-0.0462526766595289,-0.03
2025-07-23,2025-08-12,CANTE,0.20346160301201846,0.0044444444444442,0.0044444444444442
2025-07-23,2025-08-12,MAGEN,0.11061583671401821,0.2259174311926604,0.2259174311926604
2025-07-23,2025-08-12,BIOEN,0.19912354808817434,0.154219204655674,0.154219204655674
2025-07-23,2025-08-12,PETUN,0.2875104441265722,0.0447154471544715,0.0447154471544715
2025-07-23,2025-08-12,AKSEN,0.19928856805921674,-0.1553444180522565,-0.03
2025-07-24,2025-08-13,CANTE,0.2138368339705048,0.1203703703703702,0.1203703703703702
2025-07-24,2025-08-13,BIOEN,0.2083212314321445,0.1450676982591876,0.1450676982591876
2025-07-24,2025-08-13,TUKAS,0.15819197048113465,0.1906354515050166,0.1906354515050166
2025-07-24,2025-08-13,MAGEN,0.11668972287670965,0.250578435909301,0.250578435909301
2025-07-24,2025-08-13,PETUN,0.3029602412395063,0.087689713322091,0.087689713322091
2025-07-25,2025-08-14,CANTE,0.2110681997863162,0.1238095238095238,0.1238095238095238
2025-07-25,2025-08-14,PETUN,0.27876735499970406,0.0216486261448791,0.0216486261448791
2025-07-25,2025-08-14,MAGEN,0.11003867373513537,0.1958025830258301,0.1958025830258301
2025-07-25,2025-08-14,SASA,0.15104229458895135,0.0563380281690142,0.0563380281690142
2025-07-25,2025-08-14,ZOREN,0.24908347688989305,0.0363636363636363,0.0363636363636363
2025-07-29,2025-08-18,PETUN,0.22338386300153362,0.0498338870431895,0.0498338870431895
2025-07-29,2025-08-18,FROTO,0.19423263539433444,-0.0158878504672898,-0.0158878504672898
2025-07-29,2025-08-18,THYAO,0.21120728787580756,0.0034976468093614,0.0034976468093614
2025-07-29,2025-08-18,TOASO,0.15288922166042354,0.0968421052631578,0.0968421052631578
2025-07-29,2025-08-18,TCELL,0.21828699206790086,-0.0047821466524972,-0.0047821466524972
2025-07-30,2025-08-19,SASA,0.19170316275721067,-0.056206088992974,-0.03
2025-07-30,2025-08-19,CANTE,0.0976050378559109,0.0341880341880342,0.0341880341880342
2025-07-30,2025-08-19,THYAO,0.29705111798853306,-0.0240198562712544,-0.0240198562712544
2025-07-30,2025-08-19,QUAGR,0.19708370649191115,0.4945355191256828,0.4945355191256828
2025-07-30,2025-08-19,AGHOL,0.2165569749064341,-0.0570054945054945,-0.03
2025-07-31,2025-08-20,CANTE,0.0858954286871833,0.0560344827586207,0.0560344827586207
2025-07-31,2025-08-20,SASA,0.1773333394962651,0.0631313131313131,0.0631313131313131
2025-07-31,2025-08-20,KFEIN,0.2610280098479807,-0.0287081339712917,-0.0287081339712917
2025-07-31,2025-08-20,DOHOL,0.2004090155407721,-0.0925608626107122,-0.03
2025-07-31,2025-08-20,THYAO,0.2753342064277988,-0.0411434461334371,-0.03
2025-08-08,2025-08-28,SASA,0.2345651861259637,-0.1573498964803312,-0.03
2025-08-08,2025-08-28,KFEIN,0.18325680581402562,-0.108108108108108,-0.03
2025-08-08,2025-08-28,ISGYO,0.2557790255053545,-0.0521739130434781,-0.03
2025-08-08,2025-08-28,IPEKE,0.16678808111461585,0.2324598478444632,0.2324598478444632
2025-08-08,2025-08-28,KOZAA,0.15961090144004023,0.13992297817715,0.13992297817715
2025-08-12,2025-09-01,SASA,0.23267688828161992,-0.1703056768558952,-0.03
2025-08-12,2025-09-01,IPEKE,0.16675259221117839,0.2197159565580617,0.2197159565580617
2025-08-12,2025-09-01,KFEIN,0.18540491558116934,-0.1504028648164727,-0.03
2025-08-12,2025-09-01,KOZAA,0.15840554741378746,0.1332058636073931,0.1332058636073931
2025-08-12,2025-09-01,TLMAN,0.25676005651224487,-0.125219683655536,-0.03
2025-08-13,2025-09-02,KFEIN,0.2088385182688591,-0.1339534883720929,-0.03
2025-08-13,2025-09-02,IPEKE,0.18761564157141974,0.2528236316246741,0.2528236316246741
2025-08-13,2025-09-02,KOZAA,0.17809715506333346,0.1605415860735011,0.1605415860735011
2025-08-13,2025-09-02,MAGEN,0.1946629474176459,1.6631977294228952,0.5
2025-08-13,2025-09-02,SASA,0.23078573767874186,-0.1883116883116883,-0.03
2025-08-14,2025-09-03,IPEKE,0.13244388690399705,0.2414965986394559,0.2414965986394559
2025-08-14,2025-09-03,VESBE,0.28545688296583965,-0.0871999999999999,-0.03
2025-08-14,2025-09-03,SASA,0.16269794921561975,-0.2212389380530972,-0.03
2025-08-14,2025-09-03,GSDHO,0.29296226251576873,-0.0434782608695651,-0.03
2025-08-14,2025-09-03,KOZAA,0.12643901839877475,0.1300129366106079,0.1300129366106079
2025-08-15,2025-09-04,IPEKE,0.19785654297766425,0.2716366752356469,0.2716366752356469
2025-08-15,2025-09-04,BIOEN,0.16434117795052078,0.0808761583824768,0.0808761583824768
2025-08-15,2025-09-04,KARSN,0.3004490507105168,-0.1006493506493506,-0.03
2025-08-15,2025-09-04,KOZAA,0.19007936780698373,0.1125319693094628,0.1125319693094628
2025-08-15,2025-09-04,KIMMR,0.14727386055431435,0.0232722143864598,0.0232722143864598
2025-08-19,2025-09-08,BIOEN,0.12401774276327872,0.0743871513102283,0.0743871513102283
2025-08-19,2025-09-08,IPEKE,0.14304420787259048,0.3401709401709403,0.3401709401709403
2025-08-19,2025-09-08,KOZAA,0.14732778299015095,0.1813333333333333,0.1813333333333333
2025-08-19,2025-09-08,TUPRS,0.2924213304172778,0.1320733428069775,0.1320733428069775
2025-08-19,2025-09-08,ALKA,0.293188935956702,0.4791914387633769,0.4791914387633769
2025-08-20,2025-09-09,IPEKE,0.13700709816914405,0.2783761391880697,0.2783761391880697
2025-08-20,2025-09-09,ALKA,0.28700725691084067,0.3908045977011494,0.3908045977011494
2025-08-20,2025-09-09,BIOEN,0.12055456874032652,0.0546218487394958,0.0546218487394958
2025-08-20,2025-09-09,VESBE,0.31498705354102846,-0.0624999999999998,-0.03
2025-08-20,2025-09-09,KOZAA,0.14044402263866027,0.1883862255232951,0.1883862255232951
2025-08-21,2025-09-10,IPEKE,0.14371612179606807,0.2937181663837012,0.2937181663837012
2025-08-21,2025-09-10,ALKA,0.34524537877227335,0.2118279569892471,0.2118279569892471
2025-08-21,2025-09-10,MAGEN,0.11412065104492583,1.537002775208141,0.5
2025-08-21,2025-09-10,KUTPO,0.19256961168189712,0.0617283950617284,0.0617283950617284
2025-08-21,2025-09-10,ASELS,0.20434823670483562,0.2153325817361893,0.2153325817361893
2025-08-22,2025-09-11,ALKA,0.40531189533887196,0.3705752212389381,0.3705752212389381
2025-08-22,2025-09-11,KUTPO,0.20653806123636095,0.1067193675889328,0.1067193675889328
2025-08-22,2025-09-11,BIOEN,0.12248575534329788,0.0385906040268457,0.0385906040268457
2025-08-22,2025-09-11,IPEKE,0.1448720074644858,0.2731057452123231,0.2731057452123231
2025-08-22,2025-09-11,MAGEN,0.12079228061698331,1.6615236258437802,0.5
2025-08-26,2025-09-15,BIOEN,0.129630095349992,-0.0814132104454684,-0.03
2025-08-26,2025-09-15,QUAGR,0.27990449068551726,-0.0881763527054109,-0.03
2025-08-26,2025-09-15,KUTPO,0.22894183837367355,-0.0079646017699115,-0.0079646017699115
2025-08-26,2025-09-15,MAGEN,0.12242811230076825,1.411111111111111,0.5
2025-08-26,2025-09-15,IPEKE,0.23909546329004885,0.1372867587327377,0.1372867587327377
2025-08-27,2025-09-16,QUAGR,0.22717863113973674,-0.2084095063985374,-0.03
2025-08-27,2025-09-16,KUTPO,0.1946265900738341,-0.0603603603603604,-0.03
2025-08-27,2025-09-16,SARKY,0.1814671692651366,0.0504825538233111,0.0504825538233111
2025-08-27,2025-09-16,ALKA,0.2958003416968982,0.1257606490872211,0.1257606490872211
2025-08-27,2025-09-16,MAGEN,0.10092726782439439,1.2974137931034484,0.5
2025-08-28,2025-09-17,QUAGR,0.2260335894102047,-0.2332155477031802,-0.03
2025-08-28,2025-09-17,SARKY,0.1799831638697375,0.0641482537419815,0.0641482537419815
2025-08-28,2025-09-17,KUTPO,0.19299048373317612,-0.1113841113841113,-0.03
2025-08-28,2025-09-17,ALKA,0.2933825272243015,0.0991420400381315,0.0991420400381315
2025-08-28,2025-09-17,BIOEN,0.10761023576258,-0.1274074074074074,-0.03
2025-08-29,2025-09-18,KUTPO,0.18109316768146005,-0.1385245901639344,-0.03
2025-08-29,2025-09-18,QUAGR,0.18671898017729294,-0.2347826086956521,-0.03
2025-08-29,2025-09-18,ALKA,0.2131851442652592,-0.0338248048568949,-0.03
2025-08-29,2025-09-18,SARKY,0.13752767653515466,0.0447761194029849,0.0447761194029849
2025-08-29,2025-09-18,TRGYO,0.2814750313408332,0.0048476454293628,0.0048476454293628
2025-09-09,2025-09-29,KOZAA,0.1820373019280467,-0.0320584926884141,-0.03
2025-09-09,2025-09-29,TCELL,0.25112339009137574,0.027749229188078,0.027749229188078
2025-09-09,2025-09-29,IPEKE,0.1864165944344086,-0.0376712328767123,-0.03
2025-09-09,2025-09-29,ASELS,0.1764841581233883,-0.0346740638002773,-0.03
2025-09-09,2025-09-29,EREGL,0.2039385554227807,-0.0572207084468664,-0.03
2025-09-10,2025-09-30,IPEKE,0.1930652984431062,-0.0284327323162274,-0.0284327323162274
2025-09-10,2025-09-30,ALKA,0.10060664505822306,-0.1065693430656933,-0.03
2025-09-10,2025-09-30,KOZAA,0.19580779801527576,-0.0561111111111111,-0.03
2025-09-10,2025-09-30,TCELL,0.27313156944864736,0.0281042411854879,0.0281042411854879
2025-09-10,2025-09-30,AKSEN,0.23738868903474766,0.3004291845493561,0.3004291845493561
2025-09-11,2025-10-01,ALKA,0.1104249343417341,-0.1275071633237823,-0.03
2025-09-11,2025-10-01,KOZAA,0.21821126378152494,-0.0057240984544933,-0.0057240984544933
2025-09-11,2025-10-01,EREGL,0.24941830533418588,-0.0809364548494983,-0.03
2025-09-11,2025-10-01,IPEKE,0.215403957794554,-0.0068493150684931,-0.0068493150684931
2025-09-11,2025-10-01,ASELS,0.20654153874800116,-0.056854653828519,-0.03
2025-09-12,2025-10-02,IPEKE,0.2067256254367101,0.0498652291105121,0.0498652291105121
2025-09-12,2025-10-02,KOZAA,0.22243403805614104,0.0402298850574711,0.0402298850574711
2025-09-12,2025-10-02,ALKA,0.11098575146759058,-0.2638436482084689,-0.03
2025-09-12,2025-10-02,KOZAL,0.205703011475449,0.0675138999205717,0.0675138999205717
2025-09-12,2025-10-02,EREGL,0.2541515735641093,-0.0734996628455832,-0.03
2025-09-16,2025-10-06,MAGEN,0.13848182940515,0.3255813953488371,0.3255813953488371
2025-09-16,2025-10-06,ALKA,0.11820832200731052,-0.1229903536977491,-0.03
2025-09-16,2025-10-06,IPEKE,0.20471139149578904,-0.0497448979591836,-0.03
2025-09-16,2025-10-06,ISDMR,0.30317467562545114,0.0062728698379508,0.0062728698379508
2025-09-16,2025-10-06,EREGL,0.23542378146629936,0.005513439007581,0.005513439007581
2025-09-17,2025-10-07,MAGEN,0.14321592228992328,0.4117117117117117,0.4117117117117117
2025-09-17,2025-10-07,AKSEN,0.2762377851425374,0.3917781079742446,0.3917781079742446
2025-09-17,2025-10-07,IPEKE,0.21026895445230473,-0.0544394037589112,-0.03
2025-09-17,2025-10-07,ALKA,0.12169653231031705,-0.0925619834710743,-0.03
2025-09-17,2025-10-07,EREGL,0.24858080580491754,-0.066896551724138,-0.03
2025-09-18,2025-10-08,MAGEN,0.1261609239727599,0.4503190519598905,0.4503190519598905
2025-09-18,2025-10-08,AKSEN,0.2111263555092984,0.4474358974358974,0.4474358974358974
2025-09-18,2025-10-08,IPEKE,0.16259420282053288,-0.0465879265091863,-0.03
2025-09-18,2025-10-08,ISDMR,0.24697707474430766,0.0402869757174393,0.0402869757174393
2025-09-18,2025-10-08,TCELL,0.25314144295310115,0.0360589131538851,0.0360589131538851
2025-09-19,2025-10-09,MAGEN,0.1424598173162302,0.471014492753623,0.471014492753623
2025-09-19,2025-10-09,IPEKE,0.17314421382014464,-0.0307390451275344,-0.03
2025-09-19,2025-10-09,KOZAA,0.19721450163760368,-0.0141227593699075,-0.0141227593699075
2025-09-19,2025-10-09,ISDMR,0.26254130555429217,-0.0079999999999998,-0.0079999999999998
2025-09-19,2025-10-09,AKSEN,0.22464016167172937,0.3600096711798839,0.3600096711798839
2025-09-23,2025-10-13,MAGEN,0.17365783264433496,0.4368663594470046,0.4368663594470046
2025-09-23,2025-10-13,AKSEN,0.260338671124374,0.1526479750778815,0.1526479750778815
2025-09-23,2025-10-13,KIMMR,0.17276096488313794,0.1137980085348506,0.1137980085348506
2025-09-23,2025-10-13,NUHCM,0.24637580256785735,-0.1171875,-0.03
2025-09-23,2025-10-13,EKGYO,0.1468667287802958,-0.0598739495798319,-0.03
2025-09-24,2025-10-14,MAGEN,0.16414122709232803,0.4634146341463414,0.4634146341463414
2025-09-24,2025-10-14,NUHCM,0.23088335148840675,-0.1303846153846154,-0.03
2025-09-24,2025-10-14,BIMAS,0.18956999655404855,0.0312213039485766,0.0312213039485766
2025-09-24,2025-10-14,IPEKE,0.17537906788512636,0.0938654841093864,0.0938654841093864
2025-09-24,2025-10-14,CCOLA,0.24002635698009017,0.2061403508771928,0.2061403508771928
2025-09-25,2025-10-15,MAGEN,0.16592149260942085,0.4491449144914494,0.4491449144914494
2025-09-25,2025-10-15,AKSEN,0.24798733820146188,0.1118038237738987,0.1118038237738987
2025-09-25,2025-10-15,FONET,0.15059648527514782,5.133746678476528,0.5
2025-09-25,2025-10-15,BIMAS,0.19161954062735334,0.0091491308325708,0.0091491308325708
2025-09-25,2025-10-15,CCOLA,0.24387514328661616,0.1753330468414269,0.1753330468414269
2025-09-26,2025-10-16,AKSEN,0.2170051971618905,0.0361842105263157,0.0361842105263157
2025-09-26,2025-10-16,MAGEN,0.15707351363267727,0.3215750615258408,0.3215750615258408
2025-09-26,2025-10-16,NUHCM,0.2209651223930571,-0.1203079884504331,-0.03
2025-09-26,2025-10-16,OZKGY,0.17605957156814261,0.0688888888888887,0.0688888888888887
2025-09-26,2025-10-16,CCOLA,0.22889659524423248,0.1371308016877637,0.1371308016877637
