FINANCIAL_ITEM_CODE,FINANCIAL_ITEM_NAME_TR,FINANCIAL_ITEM_NAME_EN,SYMBOL,2020/3,2020/6,2020/9,2020/12,2021/3,2021/6,2021/9,2021/12,2022/3,2022/6,2022/9,2022/12,2023/3,2023/6,2023/9,2023/12,2024/3,2024/6,2024/9,2024/12,2025/3,2025/6,2025/9
1A,Dönen Varlıklar,CURRENT ASSETS,ISGYO,125144869,96105791,69967095,62549227,59511812,51043305,54472926,36865243,44110852,42605764,42080679,177258191,85192815,82042499,82309765,203202212,129222024,95384253,91261511,109483337,184533025,103357349,104565857
1AA,Nakit ve Nakit Benzerleri,Cash and Cash Equivalents,ISGYO,20941106,7215643,10482871,7958896,6555742,5505780,11533095,10376916,19867586,21587663,15406790,109612860,17419901,23268310,2901223,31267308,4746752,2184163,9856270,12070096,104499521,20372342,18063681
1AB,Finansal Yatırımlar,Short-Term Financial Investments,ISGYO,0,0,0,0,0,0,0,0,0,0,6721545,11342286,0,0,18217808,19745308,12461519,0,0,0,0,0,0
1AC,Ticari Alacaklar,Short-Term Trade Receivables,ISGYO,17335564,19539972,16488504,16904277,15745071,14873638,13360141,8169886,7754526,7225631,6904798,12714693,8831438,6905662,6268553,11495740,8966853,8895348,8701573,2968572,1413962,480369,1898659
1AD,Finans Sektörü Faaliyetlerinden Alacaklar,Short-Term Receivables from Financial Operations,ISGYO,0,0,0,0,0,0,0,0,0,0,0,0,0,0,0,0,0,0,0,0,0,0,0
1AE,Diğer Alacaklar,Short-Term Other Receivables,ISGYO,853302,947197,912547,857569,699629,633772,615351,416443,384161,412899,326271,794136,604985,408168,232183,873824,126834,344017,260580,427869,270758,290729,162012
1AEA,Müşteri Sözleşmelerinden Doğan Varlıklar,None,ISGYO,0,0,0,0,0,0,0,0,0,0,0,0,0,0,0,0,0,0,0,0,0,0,0
1AF,Stoklar,Inventories,ISGYO,76037344,61110438,34195101,31565817,26437373,22654795,21593336,10475025,8949911,7564588,3334959,17343724,2898867,2080644,1821289,122126956,89210336,78665930,68277910,82853390,64956485,68524713,68243565
1AG,Canlı Varlıklar,Short-Term Live Assets,ISGYO,0,0,0,0,0,0,0,0,0,0,0,0,0,0,0,0,0,0,0,0,0,0,0
1AH,Diğer Dönen Varlıklar,Other Current Assets,ISGYO,9977554,7292540,7888073,5262667,10073996,7375320,7371003,7426973,7154668,5814983,9386314,25450491,55437623,49379714,52868707,17693076,13709730,5294794,4165179,11163410,13392298,13689196,16197940
1AI,(Ara Toplam),(Subtotal),ISGYO,125144869,96105791,69967095,62549227,59511812,51043305,54472926,36865243,44110852,42605764,42080679,177258191,85192815,82042499,82309765,203202212,129222024,95384253,91261511,109483337,184533025,103357349,104565857
1AJ,Satış Amacıyla Elde Tutulan Duran Varlıklar,Assets to be Sold,ISGYO,0,0,0,0,0,0,0,0,0,0,0,0,0,0,0,0,0,0,0,0,0,0,0
1AK,Duran Varlıklar,LONG TERM ASSETS,ISGYO,677867901,651209665,576355650,640480018,571631518,556853224,546391290,463121374,441975194,398381807,379005592,1406247995,840980713,811161998,773285868,1419949208,1026878408,1188087161,1244671795,1581837168,1186509667,1221633216,1240250442
1B,Ticari Alacaklar,Trade Receivables,ISGYO,3941390,3009598,2087689,1776354,1014309,945597,357270,264237,202968,64244,8500,10332,4133,486267,220304,73934,0,47737,374432,1015373,626142,1130288,0
1BA,Finans Sektörü Faaliyetlerinden Alacaklar,Long-Term Receivables from Financial Operations,ISGYO,0,0,0,0,0,0,0,0,0,0,0,0,0,0,0,0,0,0,0,0,0,0,0
1BB,Diğer Alacaklar,Other Receivables,ISGYO,0,0,0,0,0,0,0,0,0,0,0,0,0,0,0,0,0,0,0,0,0,0,0
1BBA,Müşteri Sözleşmelerinden Doğan Varlıklar,None,ISGYO,0,0,0,0,0,0,0,0,0,0,0,0,0,0,0,0,0,0,0,0,0,0,0
1BC,Finansal Yatırımlar,Financial Investments,ISGYO,32814441,32500131,28586992,31021292,27553474,26356923,25685620,20428780,18535878,16221893,14520636,48849060,28860458,27588967,27824961,50411575,31769803,50574601,48534931,67789009,52667900,41334707,36443522
1BD,Özkaynak Yöntemiyle Değerlenen Yatırımlar,Investments with Equity Method,ISGYO,636726,480844,482469,576546,549889,512611,574008,431993,489224,486231,538507,852243,623439,519573,586712,1086225,787969,727653,923100,1312124,1216065,1029558,1150059
1BE,Canlı Varlıklar,Long-Term Live Assets,ISGYO,0,0,0,0,0,0,0,0,0,0,0,0,0,0,0,0,0,0,0,0,0,0,0
1BF,Yatırım Amaçlı Gayrimenkuller,Real Estate Investments,ISGYO,606602971,582709887,514590058,573303703,511254691,483799548,476802224,408455854,376867178,335992328,314951005,1215077718,711344735,702323963,663591935,1196544264,869818854,993685081,1045368307,1305324227,964209478,993645610,1006491625
1BFA,Stoklar,Stoklar,ISGYO,26608508,25563015,24523147,26922535,25047828,39258362,37138923,28550629,41286966,41575392,45144925,125660136,91946781,72129579,73421690,156357622,112924313,130158581,135844520,188476991,152839154,168758552,179928082
1BFAA,Kullanım Hakkı Varlıkları,None,ISGYO,0,0,0,0,0,0,0,0,0,0,0,0,0,0,0,0,0,0,0,0,0,0,0
1BG,Maddi Duran Varlıklar,Tangible Fixed Assets,ISGYO,5789586,5544667,4844555,5569314,4994451,4767234,4609861,4155809,3782434,3284458,3111102,12798977,7399224,7508699,7014670,12548687,9025408,10123087,10466254,13458478,11014249,11345658,11532463
1BGA,Şerefiye,Goodwill,ISGYO,0,0,0,0,0,0,0,0,0,0,0,0,0,0,0,0,0,0,0,0,0,0,0
1BH,Maddi Olmayan Duran Varlıklar,Intangible Fixed Assets,ISGYO,180906,166811,123019,126428,135404,131604,140232,93598,120269,102125,129281,303613,170449,127892,161823,360827,251548,282052,352232,443459,352406,373740,370775
1BJ,Ertelenmiş Vergi Varlığı,Long Term Deffered Tax Assets,ISGYO,0,0,0,0,0,0,0,0,0,0,0,0,0,0,0,0,0,0,0,0,0,0,0
1BK,Diğer Duran Varlıklar,Other Long-Term Assets,ISGYO,1293374,1234712,1117722,1183846,1081472,1081347,1083153,740475,690277,655135,601636,2695917,631495,477057,463774,2566075,2300514,2488368,2808019,4017507,3584272,4015103,4333915
1BL,TOPLAM VARLIKLAR,TOTAL ASSETS,ISGYO,803012770,747315455,646322745,703029245,631143330,607896528,600864216,499986617,486086046,440987571,421086270,1583506186,926173528,893204497,855595633,1623151420,1156100432,1283471414,1335933307,1691320505,1371042692,1324990565,1344816299
1BM,KAYNAKLAR,LIABILITIES,ISGYO,0,0,0,0,0,0,0,0,0,0,0,0,0,0,0,0,0,0,0,0,0,0,0
2A,Kısa Vadeli Yükümlülükler,SHORT TERM LIABILITIES,ISGYO,162357272,141749423,108653499,129502442,117511984,119825171,121730643,74919360,99889249,97688676,104325450,307817137,199537011,166934388,149584801,180251714,139306206,128795956,164054261,175154291,168995025,73392942,45368387
2AA,Finansal Borçlar,Short-Term Financial Loans,ISGYO,128166155,119223493,96593590,118858648,109159805,108618450,107339870,63366137,86652093,85635773,98571750,298942292,188133568,152048855,128526889,121225108,94135423,104954776,144294787,143366731,108987291,53931153,25613687
2AAG,Diğer Finansal Yükümlülükler,Other Short-Term Financial Liabilities,ISGYO,0,0,0,0,0,0,0,0,0,0,0,0,0,0,0,0,0,0,0,0,0,0,0
2AAGAA,Ticari Borçlar,Short-Term Trade Payables,ISGYO,2725459,1440468,1391456,1081876,1100952,1169292,1124771,790087,988069,809717,891270,1621435,4013218,1526704,1096198,11826111,2164898,1905550,2499324,5094111,2357758,1708180,1671741
2AAGAB,Diğer Borçlar,Other Short-Term Loans,ISGYO,2032942,1964099,1694626,1530335,1212416,1238737,1342708,1208547,1213711,1300465,1317047,2129922,1406671,1383583,1137171,2016921,804436,808574,855507,1075460,970744,1009439,896589
2AAGAC,Müşteri Söz. Doğan Yük.,None,ISGYO,22862388,15570767,6030256,5114312,4451811,7835878,10468422,7362773,7782753,6716381,1597977,2324383,2807882,7782034,11033149,41983123,41265959,18578334,14328075,22642058,21653580,15976070,15791095
2AAGB,Finans Sektörü Faaliyetlerinden Borçlar,Short-Term Loans from Financial Operations,ISGYO,0,0,0,0,0,0,0,0,0,0,0,0,0,0,0,0,0,0,0,0,0,0,0
2AAGC,Devlet Teşvik ve Yardımları,Short-Term Government Promotions and Aids,ISGYO,0,0,0,0,0,0,0,0,0,0,0,0,0,0,0,0,0,0,0,0,0,0,0
2AAGCA,Ertelenmiş Gelirler (Müşteri Söz. Doğan Yük. Dış.Kal.),None,ISGYO,3464900,429010,363043,283480,115346,52930,34586,1398451,1615325,1867018,80509,177943,1471657,3384962,6937082,69406,80655,98344,56506,112431,72737,99678,82507
2AAGD,Dönem Karı Vergi Yükümlülüğü,Taxation Liabilities on Income (-),ISGYO,0,0,0,0,0,0,0,0,0,0,0,0,0,0,0,0,0,0,0,0,2879198,0,0
2AAGE,Borç Karşılıkları,Short-Term Provisions,ISGYO,1419743,1082586,1372658,969721,1266324,846168,995700,488091,713967,345599,519340,560738,571895,169482,363515,1172556,477742,196016,461064,1778277,1934701,260213,453926
2AAGF,Diğer Kısa Vadeli Yükümlülükler,Other Short-Term Liabilities,ISGYO,1685686,2039000,1207869,1664070,205329,63716,424587,305275,923330,1013723,1347558,2060423,1132119,638767,490797,1958488,377093,2254362,1558998,1085225,30139016,408208,858842
2AAGG,(Ara Toplam),(Subtotal),ISGYO,162357272,141749423,108653499,129502442,117511984,119825171,121730643,74919360,99889249,97688676,104325450,307817137,199537011,166934388,149584801,180251714,139306206,128795956,164054261,175154291,168995025,73392942,45368387
2AAGH,Satış Amaçlı Elde Tutulan Duran Varlıklara İlişkin Yükümlülükler,Liabilities on Assets to be Sold,ISGYO,0,0,0,0,0,0,0,0,0,0,0,0,0,0,0,0,0,0,0,0,0,0,0
2B,Uzun Vadeli Yükümlülükler,LONG TERM LIABILITIES,ISGYO,57279528,44218299,41781681,17745753,17929234,13555836,13485618,14997394,8267210,7266836,12019096,765284,480791,424152,19652105,119453646,58286576,54258691,26393484,128212079,87466349,95832209,125623158
2BA,Finansal Borçlar,Long-Term Financial Loans,ISGYO,56955555,43896270,41492017,17428153,17615746,13249449,13159107,14761276,7978996,7009598,11696789,0,0,0,19313581,118766520,57821590,53762060,25968374,8618069,0,0,0
2BB,Diğer Finansal Yükümlülükler,Other Short-Term Financial Liabilities,ISGYO,0,0,0,0,0,0,0,0,0,0,0,0,0,0,0,0,0,0,0,0,0,0,0
2BBA,Ticari Borçlar,Long-Term Trade Payables,ISGYO,0,0,0,0,0,0,0,0,0,0,0,0,0,0,0,0,0,0,0,0,0,0,0
2BBB,Diğer Borçlar,Other Long-Term Loans,ISGYO,0,0,0,0,0,0,0,0,0,0,0,0,0,0,0,0,0,0,0,0,0,0,0
2BBBA,Müşteri Söz.Doğan Yük.,None,ISGYO,0,0,0,0,0,0,0,0,0,0,0,0,0,0,0,0,0,0,0,0,0,0,0
2BC,Finans Sektörü Faaliyetlerinden Borçlar,Long-Term Loans from Financial Operations,ISGYO,0,0,0,0,0,0,0,0,0,0,0,0,0,0,0,0,0,0,0,0,0,0,0
2BD,Devlet Teşvik ve Yardımları,Long-Term Government Promotions and Aids,ISGYO,0,0,0,0,0,0,0,0,0,0,0,0,0,0,0,0,0,0,0,0,0,0,0
2BDA,Ertelenmiş Gelirler (Müşteri Söz.Doğan Yük. Dış.Kal.),None,ISGYO,0,0,0,0,0,0,0,0,0,0,0,0,0,0,0,0,0,0,0,0,0,0,0
2BE,Uzun vadeli karşılıklar,Long-Term Provisions,ISGYO,323973,322028,289664,317600,313489,306387,326511,236118,288214,257238,322307,765284,480791,424152,338524,687127,464986,496631,425109,426454,332422,374890,356778
2BF,Çalışanlara Sağlanan Faydalara İliş.Karş.,Provisions for Retirment Pay,ISGYO,0,0,0,0,0,0,0,0,0,0,0,0,0,0,0,0,0,0,0,0,0,0,0
2BG,Ertelenmiş Vergi Yükümlülüğü,Deferred Tax Liabilities,ISGYO,0,0,0,0,0,0,0,0,0,0,0,0,0,0,0,0,0,0,0,119167555,87133927,95457319,125266380
2BH,Diğer Uzun Vadeli Yükümlülükler,Other Long-Term Liabilities,ISGYO,0,0,0,0,0,0,0,0,0,0,0,0,0,0,0,0,0,0,0,-0,0,0,0
2N,Özkaynaklar,SHAREHOLDERS EQUITY,ISGYO,583375970,561347734,495887565,555781049,495702111,474515521,465647955,410069863,377929587,336032059,304741725,1274923764,726155726,725845956,686358727,1323446060,958507650,1100416766,1145485562,1387954135,1114581318,1155765414,1173824754
2O,Ana Ortaklığa Ait Özkaynaklar,Parent Shareholders Capital,ISGYO,583375970,561347734,495887565,555781049,495702111,474515521,465647955,410069863,377929587,336032059,304741725,1274923764,726155726,725845956,686358727,1323446060,958507650,1100416766,1145485562,1387954135,1114581318,1155765414,1173824754
2OA,Ödenmiş Sermaye,Share Capital,ISGYO,145673479,139851214,123451624,128990811,114947007,110253108,107791332,71800344,65383435,57439759,51678786,51182469,49966645,37060875,34957704,32509588,29642650,29154364,28047978,27126398,25341164,24081693,23057073
2OC,Karşılıklı İştirak Sermayesi Düzeltmesi (-),Adjustments to Share Capital,ISGYO,0,0,0,0,0,0,0,0,0,0,0,0,0,0,0,0,0,0,0,0,0,0,0
2OCA,Hisse Senedi İhraç Primleri,Premium in Excess of Par,ISGYO,0,0,0,0,0,0,0,31752,0,25401,22854,360745,22096,16389,15459,330821,240399,256312,268579,346237,283824,285919,294297
2OCB,Değer Artış Fonları,Market Value Surpluses,ISGYO,0,0,0,0,0,0,0,0,0,0,0,0,0,0,0,0,0,0,0,0,0,0,0
2OCC,Yabancı Para Çevrim Farkları,FX Translation Differences,ISGYO,0,0,0,0,0,0,0,0,0,0,0,0,0,0,0,0,0,0,0,0,0,0,0
2OCD,Kardan Ayrılan Kısıtlanmış Yedekler,Income Reserves,ISGYO,10778997,10348183,9134708,9544576,8535222,8186683,8003888,5331430,5305201,4660653,4193208,28609756,5174476,3837972,3620171,27777517,21183450,22585625,23666601,30509642,25009900,25194505,25932785
2OCE,Geçmiş Yıllar Kar/Zararları,Retained Earnings /(Acc. Losses),ISGYO,387965947,372459760,328783431,343535711,338055255,324250655,317010655,211162381,282536156,248209792,223315362,-6501783,650708482,482638472,455249187,413565916,410925864,438125853,459095108,563961981,488251053,491854952,506267884
2OCF,Dönem Net Kar/Zararı,Current Year Income /(Losses),ISGYO,-3150973,-1736954,-1167246,35855342,431417,-530627,1208829,99597086,4508311,7979117,9591155,459155715,682453,185644074,176812800,153295533,-3207614,74398338,70360600,31656731,-23212587,9332603,-6072719
2OD,Diğer Özsermaye Kalemleri,Other Sholders Equity Items,ISGYO,42108520,40425531,35685049,37854609,33733209,32355702,31633251,22146870,20196483,17717337,15940360,742116863,19601574,16648175,15703406,695966685,499722900,535896274,564046695,727455015,598907964,605015742,624345434
2ODA,Azınlık Payları,Minority Interests,ISGYO,0,0,0,0,0,0,0,0,0,0,0,0,0,0,0,0,0,0,0,0,0,0,0
2ODB,TOPLAM KAYNAKLAR,TOTAL LIABILITIES AND S.HOLDERS EQUITY,ISGYO,803012770,747315455,646322745,703029245,631143330,607896528,600864216,499986617,486086046,440987571,421086270,1583506186,926173528,893204497,855595633,1623151420,1156100432,1283471414,1335933307,1691320505,1371042692,1324990565,1344816299
3B,Sürdürülen Faaliyetler,Continuing Operations,ISGYO,0,0,0,0,0,0,0,0,0,0,0,0,0,0,0,0,0,0,0,0,0,0,0
3C,Satış Gelirleri,Net Sales,ISGYO,11588913,33940064,66061893,78644637,9727338,21029115,35357307,54741627,9982428,20907090,32899755,87424308,19801022,35510612,46517166,69273739,14111267,67755455,113228425,154448312,20415538,43734128,60554197
3CA,Satışların Maliyeti (-),Cost Of Sales,ISGYO,-3906902,-18525201,-43201192,-50702353,-3588039,-8401951,-14477546,-22515649,-3139063,-5889716,-12707769,-38643722,-4185944,-8264362,-10960381,-19406287,-2615472,-38794485,-71433050,-102021097,-10502946,-21280159,-28061604
3CAA,Ticari Faaliyetlerden Diğer Kar (Zarar),Other Profit (Loss) from Trade Operations,ISGYO,0,0,0,0,0,0,0,0,0,0,0,0,0,0,0,0,0,0,0,0,0,0,0
3CAB,Ticari Faaliyetlerden Brüt Kar (Zarar),Gross Profit (Loss) from Trade Operations,ISGYO,7682011,15414863,22860701,27942285,6139300,12627164,20879761,32225978,6843365,15017373,20191986,48780587,15615078,27246250,35556785,49867452,11495795,28960970,41795374,52427214,9912592,22453969,32492593
3CAC,"Faiz, Ücret, Prim, Komisyon ve Diğer Gelirler","Proceeds from Interest, Fee, Premium, Commission and Other",ISGYO,0,0,0,0,0,0,0,0,0,0,0,0,0,0,0,0,0,0,0,0,0,0,0
3CAD,"Faiz, Ücret, Prim, Komisyon ve Diğer Giderler (-)","Expenses from Interest, Fee, Premium, Commission and Other",ISGYO,0,0,0,0,0,0,0,0,0,0,0,0,0,0,0,0,0,0,0,0,0,0,0
3CAE,Finans Sektörü Faaliyetlerinden Diğer Kar (Zarar),Other Profit (Loss) from Financial Operations,ISGYO,0,0,0,0,0,0,0,0,0,0,0,0,0,0,0,0,0,0,0,0,0,0,0
3CAF,Finans Sektörü Faaliyetlerinden Brüt Kar (Zarar),Gross Profit (Loss) from Financial Operations,ISGYO,0,0,0,0,0,0,0,0,0,0,0,0,0,0,0,0,0,0,0,0,0,0,0
3CB,Diğer Gelir ve Giderler,Other Income (Expenses),ISGYO,0,0,0,0,0,0,0,0,0,0,0,0,0,0,0,0,0,0,0,0,0,0,0
3D,BRÜT KAR (ZARAR),GROSS PROFIT (LOSS),ISGYO,7682011,15414863,22860701,27942285,6139300,12627164,20879761,32225978,6843365,15017373,20191986,48780587,15615078,27246250,35556785,49867452,11495795,28960970,41795374,52427214,9912592,22453969,32492593
3DA,"Pazarlama, Satış ve Dağıtım Giderleri (-)",Marketing Selling & Distrib. Expenses (-),ISGYO,-482528,-613833,-797424,-1015940,-207743,-398055,-582902,-1626020,-320313,-767504,-884268,-2181844,-777989,-1407070,-1761757,-2513322,-361022,-1023886,-1773428,-2636510,-743049,-1003276,-1244704
3DB,Genel Yönetim Giderleri (-),General Administrative Expenses (-),ISGYO,-1342934,-2695618,-3572478,-4335963,-1042884,-2285837,-2982508,-3388617,-703845,-1565134,-2322851,-5866328,-2939913,-5480680,-6821885,-8436060,-1795609,-4675366,-7204631,-9377240,-1861621,-4326131,-6771087
3DC,Araştırma ve Geliştirme Giderleri (-),Research & Development Expenses (-),ISGYO,0,0,0,0,0,0,0,0,0,0,0,0,0,0,0,0,0,0,0,0,0,0,0
3DD,Diğer Faaliyet Gelirleri,Income from Other Operations,ISGYO,359531,1164117,1651454,51043300,611686,857729,1019305,138422385,565171,1430890,2536476,455420749,5369675,192249995,135061145,123601620,221217,94361317,101929484,126506901,177445,31127426,32667696
3DE,Diğer Faaliyet Giderleri (-),Expenses from Other Operations (-),ISGYO,-887669,-350903,-381145,-10778204,-185787,-253064,-337337,-73851,-77535,-142284,-219569,-28878,-7655265,0,-42519040,-6451714,-19119422,-5334559,-19128686,-15378880,-14094620,-24056211,-23481268
3DEA,Faaliyet Karı Öncesi Diğer Gelir ve Giderler,Other Income (Expenses) Before Operating Profits,ISGYO,0,0,0,0,0,0,0,0,0,0,0,0,0,0,0,0,0,0,0,0,0,0,0
3DF,FAALİYET KARI (ZARARI),OPERATING PROFITS,ISGYO,5328411,12918626,19761108,62855478,5314571,10547937,17996320,165559875,6306843,13973342,19301774,496124285,9611585,212608495,119515248,156067976,-9559041,112288477,115618113,151541486,-6609254,24195776,33663230
3H,Net Faaliyet Kar/Zararı,Net Operating Profits,ISGYO,5856548,12105412,18490800,22590382,4888672,9943272,17314352,27211341,5819207,12684735,16984868,40732415,11897176,20358500,26973143,38918070,9339164,23261719,32817316,40413465,7307921,17124562,24476801
3HA,Yatırım Faaliyetlerinden Gelirler,None,ISGYO,0,0,0,0,0,0,0,0,0,0,923689,2042091,0,0,1730068,2555040,0,0,0,0,0,14041398,14644475
3HAA,Yatırım Faaliyetlerinden Giderler (-),None,ISGYO,0,0,0,0,0,0,0,0,0,0,0,0,-814074,-776780,-692865,-685953,0,0,0,0,0,0,0
3HAB,Diğer Gelir ve Giderler,None,ISGYO,0,0,0,0,0,0,0,0,0,0,0,0,0,0,0,-0,0,0,0,0,0,0,0
3HAC,Özkaynak Yöntemiyle Değerlenen Yatırımların Kar/Zararlarındaki Paylar,Profit (Loss) from Subsidiaries,ISGYO,73488,162832,223580,290861,40677,85213,162910,222193,100577,191278,296739,76957,117845,-21490,128870,278192,33759,55877,163913,292867,202975,301289,435258
3HACA,Finansman Gideri Öncesi Faaliyet Karı/Zararı,None,ISGYO,5401899,13081459,19984688,63146338,5355248,10633150,18159230,165782068,6407420,14164620,20522202,498243334,8915356,211810225,120681322,158215256,-9525282,112344354,115782026,151834353,-6406279,38538463,48742964
3HB,(Esas Faaliyet Dışı) Finansal Gelirler,Financial Income (from Other Operations),ISGYO,1163955,1637418,3546598,1555190,3518095,2902381,2143656,5175686,207974,0,0,0,566904,1038289,1657722,6677775,1726628,2696751,4018453,8195567,5493800,11769309,15277454
3HC,(Esas Faaliyet Dışı) Finansal Giderler (-),Financial Expenses (from Other Operations) (-),ISGYO,-9957381,-16556458,-24877354,-26779038,-8387413,-14120370,-18976137,-21949557,-1884192,-5218135,-9340487,19415366,27095425,10487306,44992599,24832628,3170911,-10552978,-20486481,-30006790,-30916203,-39596749,-44486004
3HCA,Vergi Öncesi Diğer Gelir ve Giderler,Other Income (Expenses) Before Tax,ISGYO,0,0,0,0,0,0,0,0,0,0,923689,2042091,-814074,-776780,1037203,1869088,0,0,0,0,0,14041398,14644475
3I,SÜRDÜRÜLEN FAALİYETLER VERGİ ÖNCESİ KARI (ZARARI),PROFIT BEFORE TAX FROM CONTINUING OPERATIONS,ISGYO,-3391527,-1837582,-1346068,37922491,485930,-584839,1326749,149008198,4731202,8946484,11181716,517658700,36577685,223335821,167331642,189725660,-4627743,104488127,99313999,130023130,-31828682,10711024,19534415
3IA,Sürdürülen Faaliyetler Vergi Geliri (Gideri),Taxation on Continuing Operations,ISGYO,0,0,0,0,0,0,0,0,0,0,0,0,0,0,0,0,0,0,0,-95987243,7605784,-798632,-26069917
3IB,Dönem Vergi Geliri (Gideri),Taxation on Income (Expenses),ISGYO,0,0,0,0,0,0,0,0,0,0,0,0,0,0,0,0,0,0,0,0,-3368422,-4035496,-514833
3IC,Ertelenmiş Vergi Geliri (Gideri),Income (Expenses) of Deferred Tax,ISGYO,0,0,0,0,0,0,0,0,0,0,0,0,0,0,0,0,0,0,0,-95987243,10974206,3236864,-25555084
3ID,Diğer Vergi Geliri (Gideri),Other Taxation Income (Expenses),ISGYO,0,0,0,0,0,0,0,0,0,0,0,0,0,0,0,0,0,0,0,0,0,0,0
3J,SÜRDÜRÜLEN FAALİYETLER DÖNEM KARI/ZARARI,PROFIT FROM CONTINUING OPERATIONS,ISGYO,-3391527,-1837582,-1346068,37922491,485930,-584839,1326749,149008198,4731202,8946484,11181716,517658700,36577685,223335821,167331642,189725660,-4627743,104488127,99313999,34035887,-24222898,9912392,-6535502
3K,DURDURULAN FAALİYETLER,DISCONTINUED OPERATIONS,ISGYO,0,0,0,0,0,0,0,0,0,0,0,0,0,0,0,0,0,0,0,,0,0,0
3KA,Durdurulan Faaliyetler Vergi Sonrası Dönem Karı (Zararı),Profit After Taxes from Discontinued Operations,ISGYO,0,0,0,0,0,0,0,0,0,0,0,0,0,0,0,0,0,0,0,0,0,0,0
3L,DÖNEM KARI (ZARARI),NET PROFIT AFTER TAXES,ISGYO,-3391527,-1837582,-1346068,37922491,485930,-584839,1326749,149008198,4731202,8946484,11181716,517658700,36577685,223335821,167331642,189725660,-4627743,104488127,99313999,34035887,-24222898,9912392,-6535502
3LA,Dönem Kar/Zararının Dağılımı,Distrubition of Profit (Loss),ISGYO,0,0,0,0,0,0,0,0,0,0,0,0,0,0,0,0,0,0,0,,0,0,0
3LB,Azınlık Payları,Minority Interests,ISGYO,0,0,0,0,0,0,0,0,0,0,0,0,0,0,0,0,0,0,0,0,0,0,0
3Z,Ana Ortaklık Payları,Parent Shares,ISGYO,-3391527,-1837582,-1346068,37922491,485930,-584839,1326749,149008198,4731202,8946484,11181716,517658700,36577685,223335821,167331642,189725660,-4627743,104488127,99313999,34035887,-24222898,9912392,-6535502
3ZD,Hisse Başına Kazanç,Earnings per Share,ISGYO,-0,-0,-0,0,0,-0,0,0,0,0,0,0,0,0,0,0,-0,0,0,0,-0,0,-0
3ZE,Seyreltilmiş Hisse Başına Kazanç,Diluted Earnings per Share,ISGYO,-0,0,0,0,0,0,0,0,0,0,0,0,0,0,0,0,-0,0,0,0,-0,0,-0
3ZF,Sürdürülen Faaliyetlerden Hisse Başına Kazanç,Earnings per Share from Continuing Operations,ISGYO,-0,0,0,0,0,0,0,0,0,0,0,0,0,0,0,0,-0,0,0,0,-0,0,-0
3ZG,Sürdürülen Faaliyetlerden Seyreltilmiş Hisse Başına Kazanç,Earnings per Share from Discontinued Operations,ISGYO,-0,0,0,0,0,0,0,0,0,0,0,0,0,0,0,0,-0,0,0,0,-0,0,-0
4B,Amortisman Giderleri,Depreciation & Amortization,ISGYO,92124,175014,254583,328302,80278,151173,226057,277545,48906,94920,152022,495812,231572,514619,607901,562969,173697,401309,645307,801093,118236,337876,531036
4BA,Kıdem Tazminatı,Severance Payments,ISGYO,17613,25162,40248,65257,15311,19810,38155,48271,37453,44786,114488,97136,21444,124996,144136,238864,37121,133221,156118,130347,5769,30019,45522
4BB,Finansman Giderleri,Financial Expenses,ISGYO,-9957381,-16556458,-24877354,-26779038,-8387413,-14120370,-18976137,-21949557,-1884192,-5218135,-9340487,19415366,27095425,10487306,44992599,24832628,3170911,-10552978,-20486481,-30006790,-30916203,-39596749,-44486004
4BC,Yurtiçi Satışlar,Domestic Sales,ISGYO,0,0,0,0,0,0,0,0,0,0,0,0,0,0,0,0,0,0,0,0,0,0,0
4BD,Yurtdışı Satışlar,Export Sales,ISGYO,0,0,0,0,0,0,0,0,0,0,0,0,0,0,0,0,0,0,0,0,0,0,0
4BE,Net Yabancı Para Pozisyonu,Net Fx Position,ISGYO,-33318109,-28043799,-30783296,-22305272,-24571308,-19385242,-16335784,6383361,7703897,14166390,15240808,28958883,17027544,23533098,-477490,-684852,-106055,-53042,42019,-999698,62335,116129,64908
4BEA,Parasal net yabancı para varlık/(yükümlülük) pozisyonu,Parasal net yabancı para varlık/(yükümlülük) pozisyonu,ISGYO,-32829681,-27552540,-30237627,-21799403,-24055478,-18945538,-15886872,7072991,8117763,14723220,15873790,30225050,17329478,24214347,86942,188954,58586,109728,214881,-792331,222442,116129,162087
4BEB,Net YPP (Hedge Dahil),Net YPP (Hedge Dahil),ISGYO,4292384,4564291,5021898,5344122,5191150,4953234,7735482,6383361,7703897,14166390,15240808,28958883,17027544,23533098,-477490,-684852,-106055,-53042,42019,-999698,62335,116129,64908
4C,İşletme Faaliyetlerinden Kaynaklanan Net Nakit,Net Cash from Operations,ISGYO,6164083,11360942,33270198,38836527,1824149,13241798,27207007,36842865,-5941637,-4235244,-13015531,-111479796,-107808728,-111807597,-98677792,-59892274,2266735,10643424,22047962,35315262,12081796,-25615764,-23911530
4CA,Düzeltme Öncesi Kar,Earnings Before Adjustments,ISGYO,-3391527,-1837582,-1346068,37922491,485930,-584839,1326749,149008198,4731202,8946484,11181716,517658700,30978584,205046606,167331642,189725660,-4627743,104488127,99313999,34035887,-24222898,9912392,-6535502
4CAA,Düzeltmeler:,Adjustments:,ISGYO,8779720,11164034,18996786,-16794251,4383105,10472035,16047622,-126378060,1215525,3776047,5753341,-544028195,-18993355,-203916143,-161692884,-154086591,12860807,-89603966,-79680622,-9408724,1763810,-24586026,-5589969
4CAB,Amortisman & İtfa Payları,Depreciation & Amortisation,ISGYO,92124,175014,254583,328302,80278,151173,226057,277545,48906,94920,152022,495812,196124,472476,607901,562969,173697,401309,645307,801093,118236,337876,531036
4CAC,Karşılıklardaki Değişim,Change in Provisions,ISGYO,59397,84683,75718,99358,43817,53644,72126,85212,111383,121448,238991,122728,106946,308997,245266,391674,114947,239625,211517,284487,32723,90404,104686
4CAD,Diğer Gelir/ Gider,Other Income / Expense,ISGYO,8628199,10904336,18666486,-17221911,4259011,10267218,15749438,-126740816,1055236,3559678,5362328,-544646736,-19296426,-140063082,-39296143,-31205752,45814050,-37259655,-1977408,75015576,15898128,-7690934,16371905
4CAE,İşletme Sermayesinde Değişikler Öncesi Faaliyet Karı (+),Operating Profit Before Changes in Working Capital (+),ISGYO,5388194,9326452,17650718,21128240,4869035,9887195,17374371,22630138,5946727,12722531,16935057,-26369495,11985229,1130463,5638758,35639069,8233064,14884161,19633377,24627164,-22459088,-14673634,-12125471
4CAF,İşletme Sermayesindeki Değişiklikler,Change in Working Capital,ISGYO,332046,1266098,14750882,16518611,-3162119,3052042,9478180,13573282,-12179409,-17447020,-30634785,-88273634,-120249353,-113560241,-105303767,-98990292,-7692956,-6876902,-1433155,3096491,30967415,-17077131,-24862294
4CAG,Esas Faaliyet ile İlgili Oluşan Nakit (+),Cash from Core Operations (+),ISGYO,5720240,10592550,32401600,37646851,1706916,12939238,26852551,36203420,-6232682,-4724489,-13699728,-114643129,-108264124,-112429778,-99665009,-63351224,540108,8007259,18200222,27723655,8508326,-31750765,-36987765
4CAH,Diğer İşletme Faaliyetlerinden Nakit,Cash from Other Operations,ISGYO,443844,768393,868598,1189676,117233,302561,354456,639444,291046,489245,684197,3163333,455396,622181,987217,3458949,1726628,2636165,3847740,7591607,3573470,6135001,13076235
4CAI,Sabit Sermaye Yatırımları,Capital Expenditures (CapEx),ISGYO,-76255,-138475,-133912,-157560,-141365,-184768,-215564,-216905,-83614,-80443,-364021,-860822,-74107,-121827,-239261,-302004,-23557,-61187,-167623,-121368,-87676,-194601,-209874
4CAJ,Diğer Yatırım Faaliyetlerinden Nakit,Cash from Other Investment Operations,ISGYO,-1042930,-1355521,-1548088,-2373624,-415752,-9534760,-13459152,-20689351,-4257845,-7904388,-28723765,-59545434,11124793,9278705,-29753363,-28137314,-461621,-1770479,-2513966,68830069,102571300,118832837,149723229
4CAK,Yatırım Faaliyetlerinden Kaynaklanan Nakit,Cash from Investment Operations,ISGYO,-1119185,-1493995,-1682000,-2531184,-557116,-9719528,-13674716,-20906256,-4341459,-7984831,-29087787,-60406256,11050686,9156878,-29992625,-28439318,-485178,-1831666,-2681589,68708701,102483624,118638236,149513356
4CB,Serbest Nakit Akım,Free Cash Flow,ISGYO,5044898,9866947,31588198,36305343,1267033,3522270,13532291,15936608,-10283095,-12220075,-42103318,-171886052,-96758042,-102650719,-128670417,-88331593,1781557,8811758,19366373,104023963,114565420,93022472,125601826
4CBA,Finansal Borçlardaki Değişim,Change in Financial Debt,ISGYO,-39799639,-53839852,-64165764,-66315369,1084924,400997,1802436,2095114,24289992,32840937,59692191,246130700,13724738,45942596,42861661,94250836,-1042623,11541620,36727912,-25850730,-4978214,-55358532,-85795430
4CBB,Temettü Ödemeleri,Dividends Paid,ISGYO,0,0,0,0,0,0,0,0,0,0,0,0,0,0,0,0,0,0,0,0,0,0,0
4CBC,Sermaye Artırımı,Rights Issue,ISGYO,0,0,0,0,0,0,0,0,0,0,0,0,0,0,0,0,0,0,0,0,0,0,0
4CBD,Diğer Finansman Faaliyetlerinden Nakit,Cash from Other Financial Operations,ISGYO,-6545489,-10729824,-14123944,-17878172,-3566347,-6207139,-10920592,-11333292,-3358716,-6809236,-10580191,-30141796,-13089808,-34479244,-46885158,-77744302,-24977055,-49564739,-77770598,-100401217,-13728711,-28013768,-33533953
4CBE,Finansman Faaliyetlerden Kaynaklanan Nakit,Cash from Financial Operations,ISGYO,-46345128,-64569676,-78289708,-84193541,-2481423,-5806143,-9118157,-9238178,20931275,26031701,49112000,215988904,634930,11463352,-4023497,16506534,-26019678,-38023119,-41042685,-126251947,-18706925,-83372300,-119329383
4CBF,Yab. Para Çev. Fark. Etk. Önc.Nak.Ve Nak. Benz. Net Artış/Azalış,Cash Net Inc. / Dec. before For.Cur. Trans. Dif.,ISGYO,-41300231,-54702729,-46701511,-47888198,-1214390,-2283872,4414135,6698430,10648180,13811626,7008682,44102853,-96123112,-91187366,-132693914,-71825058,-24238121,-29211361,-21676312,-22227984,95858495,9650172,6272443
4CBG,Yab.ı Para Çevrim Fark. Nakit Ve Nakit Benz. Üzerindeki Etkisi,Foreign Curr. Trans.Diff.Cash and Cash Benz. Imp.,ISGYO,374117,2617356,1294158,1207263,630230,862597,925844,2162112,273383,1111639,2262591,56183991,1592053,11613882,10673868,9679881,81549,148357,285864,288359,230792,306247,266738
4CBH,Diğer Nakit Girişi/Çıkışı,Other Cash Inflow/Outflow,ISGYO,0,0,0,0,0,0,0,0,0,0,0,0,0,0,0,0,0,0,0,0,0,0,0
4CBI,Nakit ve Benzerlerindeki Değişim,Change in Cash & Cash Equivalents,ISGYO,-40926113,-52085373,-45407353,-46680935,-584161,-1421276,5339979,8860542,10921563,14923265,9271273,100286844,-94531058,-79573485,-122020046,-62145177,-24156572,-29063004,-21390448,-21939625,96089287,9956419,6539182
4CBJ,Diğer Nakit ve Nakit Benzerlerindeki Artış,Other Cash & Cash Equivalents Change,ISGYO,0,0,0,0,0,0,0,0,0,0,0,0,0,0,0,0,0,0,0,0,0,0,0
4CBK,Dönem Başı Nakit Değerler,Cash at the beginning of the Quarter,ISGYO,63285040,59716541,57460749,55064514,7956130,7467330,7270015,6601122,9876238,9269928,8671934,22573013,124317357,128592197,124931175,123684885,30731502,31895960,33590518,32984355,10311744,10573021,11027131
4CBL,Dönem Sonu Nakit,Cash at the End of the Quarter,ISGYO,22358926,7631168,12053397,8383578,7371969,6046054,12609994,15461664,20797801,24193193,17943207,122859857,29786299,52103255,5306308,36278797,6825134,3056277,13894480,12960619,109035786,21609961,19418596
