FINANCIAL_ITEM_CODE,FINANCIAL_ITEM_NAME_TR,FINANCIAL_ITEM_NAME_EN,SYMBOL,2020/6,2020/9,2020/12,2021/3,2021/6,2021/9,2021/12,2022/3,2022/6,2022/9,2022/12,2023/3,2023/9,2023/12,2024/3,2024/6,2024/9,2024/12,2025/3,2025/6,2025/9
1A,Dönen Varlıklar,CURRENT ASSETS,KIMMR,0,0,50722448,0,46405796,67944790,47358315,47822767,45794395,44887493,73188131,54290753,46780338,70026100,51591955,51998498,56979693,78949292,68428035,66491296,64335396
1AA,Nakit ve Nakit Benzerleri,Cash and Cash Equivalents,KIMMR,0,0,9385125,0,8052621,30680419,18747452,17582331,16638668,13976289,23245073,17229672,17120489,30760318,24613523,28435923,29886499,45642333,33485354,35722271,29894723
1AB,Finansal Yatırımlar,Short-Term Financial Investments,KIMMR,0,0,0,0,0,0,0,0,0,1058092,2528158,1564563,2068118,2283528,466040,0,0,0,0,0,15752
1AC,Ticari Alacaklar,Short-Term Trade Receivables,KIMMR,0,0,6472708,0,6979036,5239727,2999306,2849185,2771492,2993188,6605246,4960069,4901994,6249501,6300476,5457936,5221707,6681540,6706879,5657706,5466755
1AD,Finans Sektörü Faaliyetlerinden Alacaklar,Short-Term Receivables from Financial Operations,KIMMR,0,0,0,0,0,0,0,0,0,0,0,0,0,0,0,0,0,0,0,0,0
1AE,Diğer Alacaklar,Short-Term Other Receivables,KIMMR,0,0,432036,0,295850,347017,151033,114120,436285,237271,560846,311792,999312,704801,247404,222956,546321,441322,157123,269798,429727
1AEA,Müşteri Sözleşmelerinden Doğan Varlıklar,None,KIMMR,0,0,0,0,0,0,0,0,0,0,0,0,0,0,0,0,0,0,0,0,0
1AF,Stoklar,Inventories,KIMMR,0,0,33173476,0,30066294,30646811,23903712,25865716,23956341,24006078,33907104,27362829,19733445,26786121,18303676,16175150,19093873,22171223,24552148,21488305,25362873
1AG,Canlı Varlıklar,Short-Term Live Assets,KIMMR,0,0,0,0,0,0,0,0,0,0,0,0,0,0,0,0,0,0,0,0,0
1AH,Diğer Dönen Varlıklar,Other Current Assets,KIMMR,0,0,1259104,0,1011995,1030815,1556811,1411414,1991610,2616576,6341704,2861827,1956980,3241830,1660836,1706533,2231292,4012873,3526532,3353215,3165566
1AI,(Ara Toplam),(Subtotal),KIMMR,0,0,50722448,0,46405796,67944790,47358315,47822767,45794395,44887493,73188131,54290753,46780338,70026100,51591955,51998498,56979693,78949292,68428035,66491296,64335396
1AJ,Satış Amacıyla Elde Tutulan Duran Varlıklar,Assets to be Sold,KIMMR,0,0,0,0,0,0,0,0,0,0,0,0,0,0,0,0,0,0,0,0,0
1AK,Duran Varlıklar,LONG TERM ASSETS,KIMMR,0,0,31221840,0,29475710,31252454,21926480,21749672,23781984,22665368,79188667,45502877,42928667,113717034,80236204,99537052,104690967,145362857,120912243,125704937,140911336
1B,Ticari Alacaklar,Trade Receivables,KIMMR,0,0,0,0,0,0,0,0,0,0,54550,0,0,0,0,0,0,0,585174,0,576600
1BA,Finans Sektörü Faaliyetlerinden Alacaklar,Long-Term Receivables from Financial Operations,KIMMR,0,0,0,0,0,0,0,0,0,0,0,0,0,0,0,0,0,0,0,0,0
1BB,Diğer Alacaklar,Other Receivables,KIMMR,0,0,62085,0,54635,61556,38693,40485,35955,33330,0,138636,101271,137313,588225,617012,869256,741698,0,552402,0
1BBA,Müşteri Sözleşmelerinden Doğan Varlıklar,None,KIMMR,0,0,0,0,0,0,0,0,0,0,0,0,0,0,0,0,0,0,0,0,0
1BC,Finansal Yatırımlar,Financial Investments,KIMMR,0,0,0,0,0,0,0,0,0,0,0,0,0,0,0,0,0,0,0,0,0
1BD,Özkaynak Yöntemiyle Değerlenen Yatırımlar,Investments with Equity Method,KIMMR,0,0,0,0,0,0,0,0,0,0,0,0,0,0,0,0,0,0,0,0,0
1BE,Canlı Varlıklar,Long-Term Live Assets,KIMMR,0,0,0,0,0,0,0,0,0,0,0,0,0,0,0,0,0,0,0,0,0
1BF,Yatırım Amaçlı Gayrimenkuller,Real Estate Investments,KIMMR,0,0,1773380,0,1515772,1481927,1804838,1643537,4169812,3751597,10710435,6345711,4439591,15231728,11068517,12998766,13620903,23335841,23484505,23833675,31885090
1BFA,Stoklar,Stoklar,KIMMR,0,0,0,0,0,0,0,0,0,0,0,0,0,0,0,0,0,0,0,0,0
1BFAA,Kullanım Hakkı Varlıkları,None,KIMMR,0,0,8882421,0,9082561,10350307,7085998,7945182,8031199,7794500,28628628,14613344,17561985,48553467,33435532,48880728,49448585,70821101,55932993,60625483,66030942
1BG,Maddi Duran Varlıklar,Tangible Fixed Assets,KIMMR,0,0,18941212,0,16885054,17162466,11413993,10368751,9661230,9071990,35849622,18555591,16452108,47065236,33706809,35902654,37116023,49510682,40167140,39973753,41714231
1BGA,Şerefiye,Goodwill,KIMMR,0,0,0,0,0,0,0,0,0,0,0,0,0,0,0,0,0,0,0,0,0
1BH,Maddi Olmayan Duran Varlıklar,Intangible Fixed Assets,KIMMR,0,0,71606,0,96326,159057,131993,114329,253594,358568,735363,390882,229232,506302,316822,283316,245491,273981,177628,138937,124442
1BJ,Ertelenmiş Vergi Varlığı,Long Term Deffered Tax Assets,KIMMR,0,0,1491136,0,1841362,1885960,1312401,1475963,1456770,1470307,2141571,1501042,1379960,838284,585445,0,0,0,0,0,0
1BK,Diğer Duran Varlıklar,Other Long-Term Assets,KIMMR,0,0,0,0,0,151181,138565,161425,173424,185076,1068497,3957672,2764519,1384703,534854,854576,3390708,679553,564803,580688,580030
1BL,TOPLAM VARLIKLAR,TOTAL ASSETS,KIMMR,0,0,81944289,0,75881506,99197244,69284795,69572438,69576379,67552861,152376798,99793630,89709005,183743133,131828160,151535550,161670659,224312149,189340278,192196234,205246731
1BM,KAYNAKLAR,LIABILITIES,KIMMR,0,0,0,0,0,0,0,0,0,0,0,0,0,0,0,0,0,0,0,0,0
2A,Kısa Vadeli Yükümlülükler,SHORT TERM LIABILITIES,KIMMR,0,0,43013884,0,41056708,38419270,27317285,29633271,32768951,33469845,55478249,42816545,39430767,56991811,41163639,39162610,44935087,66624940,58704801,55520186,59153827
2AA,Finansal Borçlar,Short-Term Financial Loans,KIMMR,0,0,7095404,0,3973057,4410832,4308703,4473801,4893546,5197675,9941683,7158008,6909939,10690216,7028106,7589128,8763174,16989452,10369295,13188255,13256942
2AAG,Diğer Finansal Yükümlülükler,Other Short-Term Financial Liabilities,KIMMR,0,0,0,0,0,1944923,0,0,0,0,0,0,0,0,0,0,0,0,0,0,0
2AAGAA,Ticari Borçlar,Short-Term Trade Payables,KIMMR,0,0,33972639,0,30348356,28652101,20957185,23238641,24352366,25202580,41822300,31997094,28885492,41108405,29566154,27517753,32731760,44553383,42149143,37547647,41377071
2AAGAB,Diğer Borçlar,Other Short-Term Loans,KIMMR,0,0,3992,0,2239156,152517,28887,15475,1813953,1303351,37145,24925,34392,33298,22671,24187,27624,33841,22321,20905,25402
2AAGAC,Müşteri Söz. Doğan Yük.,None,KIMMR,0,0,0,0,0,0,0,0,0,0,0,0,0,0,0,0,0,0,0,0,0
2AAGB,Finans Sektörü Faaliyetlerinden Borçlar,Short-Term Loans from Financial Operations,KIMMR,0,0,0,0,2081842,0,0,0,0,0,0,0,0,0,0,0,0,0,0,0,0
2AAGC,Devlet Teşvik ve Yardımları,Short-Term Government Promotions and Aids,KIMMR,0,0,0,0,0,0,0,0,0,0,0,0,0,0,0,0,0,0,0,0,0
2AAGCA,Ertelenmiş Gelirler (Müşteri Söz. Doğan Yük. Dış.Kal.),None,KIMMR,0,0,15615,0,0,174746,112145,63542,93654,130547,38885,138290,262348,583604,328071,220694,110074,547799,651159,635506,446516
2AAGD,Dönem Karı Vergi Yükümlülüğü,Taxation Liabilities on Income (-),KIMMR,0,0,321889,0,333790,306883,237501,211897,262166,164757,550680,490075,421446,515615,259430,0,592431,900423,582243,948877,810420
2AAGE,Borç Karşılıkları,Short-Term Provisions,KIMMR,0,0,294468,0,610866,340310,144802,202764,133717,139226,404564,314960,180806,472962,508773,294659,544393,325294,356716,279712,372388
2AAGF,Diğer Kısa Vadeli Yükümlülükler,Other Short-Term Liabilities,KIMMR,0,0,1309877,0,1469641,2436957,1528061,1427150,1219549,1331709,2682991,2693192,2736343,3587712,3450434,3516189,2165632,3274748,4573925,2899283,2865089
2AAGG,(Ara Toplam),(Subtotal),KIMMR,0,0,43013884,0,41056708,38419270,27317285,29633271,32768951,33469845,55478249,42816545,39430767,56991811,41163639,39162610,44935087,66624940,58704801,55520186,59153827
2AAGH,Satış Amaçlı Elde Tutulan Duran Varlıklara İlişkin Yükümlülükler,Liabilities on Assets to be Sold,KIMMR,0,0,0,0,0,0,0,0,0,0,0,0,0,0,0,0,0,0,0,0,0
2B,Uzun Vadeli Yükümlülükler,LONG TERM LIABILITIES,KIMMR,0,0,13603588,0,12802202,13307788,9362049,10080554,9978276,9729101,30680770,22608854,24087301,40542398,27217894,38747668,38272231,55926202,43982637,48141983,52707411
2BA,Finansal Borçlar,Long-Term Financial Loans,KIMMR,0,0,11726637,0,2483713,1655608,8063833,8686322,8799702,8545153,16865070,17351714,20808638,29876981,18110926,29634316,28049680,43255008,31575195,35176511,38218838
2BB,Diğer Finansal Yükümlülükler,Other Short-Term Financial Liabilities,KIMMR,0,0,0,0,0,9654632,0,0,0,0,0,0,0,0,0,0,0,0,0,0,0
2BBA,Ticari Borçlar,Long-Term Trade Payables,KIMMR,0,0,0,0,0,0,0,0,0,0,0,0,0,0,0,0,0,0,0,0,0
2BBB,Diğer Borçlar,Other Long-Term Loans,KIMMR,0,0,3364,0,3364,3289,2191,1995,1753,1712,2793,4000,2799,3758,2373,39729,41631,13340,11004,10457,10013
2BBBA,Müşteri Söz.Doğan Yük.,None,KIMMR,0,0,0,0,0,0,0,0,0,0,0,0,0,0,0,0,0,0,0,0,0
2BC,Finans Sektörü Faaliyetlerinden Borçlar,Long-Term Loans from Financial Operations,KIMMR,0,0,0,0,0,0,0,0,0,0,0,0,0,0,0,0,0,0,0,0,0
2BD,Devlet Teşvik ve Yardımları,Long-Term Government Promotions and Aids,KIMMR,0,0,0,0,0,0,0,0,0,0,0,0,0,0,0,0,0,0,0,0,0
2BDA,Ertelenmiş Gelirler (Müşteri Söz.Doğan Yük. Dış.Kal.),None,KIMMR,0,0,0,0,0,0,0,0,0,0,0,0,0,945504,586360,722664,757251,454544,10352,9838,9227
2BE,Uzun vadeli karşılıklar,Long-Term Provisions,KIMMR,0,0,1321428,0,1505978,1187352,793711,926943,778864,859478,5639067,3550495,969538,1683575,1195785,1254854,1266677,1665716,1339415,1320845,1251854
2BF,Çalışanlara Sağlanan Faydalara İliş.Karş.,Provisions for Retirment Pay,KIMMR,0,0,0,0,0,0,0,0,0,0,0,0,0,0,0,0,0,0,0,0,0
2BG,Ertelenmiş Vergi Yükümlülüğü,Deferred Tax Liabilities,KIMMR,0,0,552160,0,562243,536758,382349,410671,373965,322758,8173839,1702645,2222774,7962465,7322449,7096105,8156991,10537594,11046670,11624332,13217480
2BH,Diğer Uzun Vadeli Yükümlülükler,Other Long-Term Liabilities,KIMMR,0,0,0,0,8246905,270148,119965,54622,23993,0,0,0,83552,70115,0,0,0,-0,0,0,0
2N,Özkaynaklar,SHAREHOLDERS EQUITY,KIMMR,0,0,25326817,0,22022596,47470186,32605461,29858613,26829152,24353916,66217779,34368231,26190937,86208924,63446626,73625272,78463341,101761006,86652840,88534064,93385493
2O,Ana Ortaklığa Ait Özkaynaklar,Parent Shareholders Capital,KIMMR,0,0,25326817,0,22022596,47470186,32605461,29858613,26829152,24353916,66217779,34368231,26190937,86208924,63446626,73625272,78463341,101761006,86652840,88534064,93385493
2OA,Ödenmiş Sermaye,Share Capital,KIMMR,0,0,23544607,0,20124426,26982967,17973489,16367170,14378662,12936541,12812300,12507948,8750820,8137993,7420324,7298094,7021137,6790441,6343551,6028273,5771784
2OC,Karşılıklı İştirak Sermayesi Düzeltmesi (-),Adjustments to Share Capital,KIMMR,0,0,0,0,0,0,0,0,0,0,0,0,0,0,0,0,0,0,0,0,0
2OCA,Hisse Senedi İhraç Primleri,Premium in Excess of Par,KIMMR,0,0,0,0,0,18269717,12169550,0,0,8759116,28265713,8468923,5925035,25921105,18836221,20083027,21044226,27129025,22238682,22402831,23059306
2OCB,Değer Artış Fonları,Market Value Surpluses,KIMMR,0,0,0,0,0,0,0,0,0,0,0,0,0,0,0,0,0,0,0,0,0
2OCC,Yabancı Para Çevrim Farkları,FX Translation Differences,KIMMR,0,0,0,0,0,0,0,0,0,0,0,0,0,0,0,0,0,0,0,0,0
2OCD,Kardan Ayrılan Kısıtlanmış Yedekler,Income Reserves,KIMMR,0,0,161039,0,214909,210111,139956,127448,111964,170485,677526,164837,255094,827675,601450,641262,897523,1157035,948465,1291459,1329303
2OCE,Geçmiş Yıllar Kar/Zararları,Retained Earnings /(Acc. Losses),KIMMR,0,0,-5213629,0,-2788139,-2725884,-1815725,-261435,-229673,-276388,-33113682,2484825,1598665,-48677124,-22712425,-24215805,-25600373,-33002552,-16842798,-17303112,-17810148
2OCF,Dönem Net Kar/Zararı,Current Year Income /(Losses),KIMMR,0,0,2042036,0,413702,807965,1528632,288128,849639,1014090,-19741356,527591,2953523,17421855,908430,7196072,9072652,12455980,3181529,4642195,7164180
2OD,Diğer Özsermaye Kalemleri,Other Sholders Equity Items,KIMMR,0,0,4792764,0,4057697,3925311,2609559,13337303,11718560,1750072,77317279,10214107,6707800,82577421,58392626,62622622,66028177,85504296,70783411,71472418,73871068
2ODA,Azınlık Payları,Minority Interests,KIMMR,0,0,0,0,0,0,0,0,0,0,0,0,0,0,0,0,0,0,0,0,0
2ODB,TOPLAM KAYNAKLAR,TOTAL LIABILITIES AND S.HOLDERS EQUITY,KIMMR,0,0,81944289,0,75881506,99197244,69284795,69572438,69576379,67552861,152376798,99793630,89709005,183743133,131828160,151535550,161670659,224312149,189340278,192196234,205246731
3B,Sürdürülen Faaliyetler,Continuing Operations,KIMMR,0,0,0,0,0,0,0,0,0,0,0,0,0,0,0,0,0,0,0,0,0
3C,Satış Gelirleri,Net Sales,KIMMR,74415607,104687261,140013551,35737256,77220665,114631027,145522691,31903186,68459425,104345467,285826550,108538962,286267072,375176830,84694992,172882365,269711039,359737269,81130204,158160065,254934253
3CA,Satışların Maliyeti (-),Cost Of Sales,KIMMR,-59580450,-83511537,-107938789,-25861066,-57837925,-83760772,-106631839,-23817397,-51832789,-78815628,-221860077,-79781519,-220412485,-284407832,-66712381,-129416731,-204301820,-278587480,-60701478,-119088638,-193415749
3CAA,Ticari Faaliyetlerden Diğer Kar (Zarar),Other Profit (Loss) from Trade Operations,KIMMR,0,0,0,0,0,0,0,0,0,0,0,0,0,0,0,0,0,0,0,0,0
3CAB,Ticari Faaliyetlerden Brüt Kar (Zarar),Gross Profit (Loss) from Trade Operations,KIMMR,14835157,21175723,32074762,9876189,19382740,30870254,38890852,8085789,16626635,25529839,63966473,28757443,65854587,90768998,17982610,43465635,65409219,81149789,20428726,39071426,61518504
3CAC,"Faiz, Ücret, Prim, Komisyon ve Diğer Gelirler","Proceeds from Interest, Fee, Premium, Commission and Other",KIMMR,0,0,0,0,0,0,0,0,0,0,0,0,0,0,0,0,0,0,0,0,0
3CAD,"Faiz, Ücret, Prim, Komisyon ve Diğer Giderler (-)","Expenses from Interest, Fee, Premium, Commission and Other",KIMMR,0,0,0,0,0,0,0,0,0,0,0,0,0,0,0,0,0,0,0,0,0
3CAE,Finans Sektörü Faaliyetlerinden Diğer Kar (Zarar),Other Profit (Loss) from Financial Operations,KIMMR,0,0,0,0,0,0,0,0,0,0,0,0,0,0,0,0,0,0,0,0,0
3CAF,Finans Sektörü Faaliyetlerinden Brüt Kar (Zarar),Gross Profit (Loss) from Financial Operations,KIMMR,0,0,0,0,0,0,0,0,0,0,0,0,0,0,0,0,0,0,0,0,0
3CB,Diğer Gelir ve Giderler,Other Income (Expenses),KIMMR,0,0,0,0,0,0,0,0,0,0,0,0,0,0,0,0,0,0,0,0,0
3D,BRÜT KAR (ZARAR),GROSS PROFIT (LOSS),KIMMR,14835157,21175723,32074762,9876189,19382740,30870254,38890852,8085789,16626635,25529839,63966473,28757443,65854587,90768998,17982610,43465635,65409219,81149789,20428726,39071426,61518504
3DA,"Pazarlama, Satış ve Dağıtım Giderleri (-)",Marketing Selling & Distrib. Expenses (-),KIMMR,-11154251,-16509705,-21069989,-5789013,-11354808,-17312255,-21836425,-5914035,-11314888,-17989731,-47182315,-16618558,-40733488,-54987426,-12757131,-24783619,-40308691,-56169459,-13334052,-23423277,-37563332
3DB,Genel Yönetim Giderleri (-),General Administrative Expenses (-),KIMMR,-1257067,-2001008,-2496697,-742437,-1442802,-3476940,-4027941,-703908,-1512212,-2228793,-6558998,-4252365,-11785613,-7953741,-1717495,-3358587,-5091403,-7138687,-1798497,-3073711,-4918301
3DC,Araştırma ve Geliştirme Giderleri (-),Research & Development Expenses (-),KIMMR,0,0,0,0,0,0,0,0,0,0,0,0,0,0,0,0,0,0,0,0,0
3DD,Diğer Faaliyet Gelirleri,Income from Other Operations,KIMMR,1363697,2132619,3352529,576880,990873,1507077,1611030,447279,1024905,1202993,3691051,2589970,11407410,9268830,2941892,3496521,4233850,5154523,2129179,2459592,2972952
3DE,Diğer Faaliyet Giderleri (-),Expenses from Other Operations (-),KIMMR,-2775759,-4230087,-7567291,-2528683,-6059844,-9207407,-10401009,-1774252,-3892388,-5422812,-18926539,-4310872,-9512121,-24874132,-4314605,-7218335,-10409802,-13189150,-3797609,-6268868,-9098752
3DEA,Faaliyet Karı Öncesi Diğer Gelir ve Giderler,Other Income (Expenses) Before Operating Profits,KIMMR,0,0,0,0,0,0,0,0,0,0,0,0,0,0,0,0,0,0,0,0,0
3DF,FAALİYET KARI (ZARARI),OPERATING PROFITS,KIMMR,1011776,567541,4293315,1392936,1516160,2380729,4236509,140873,932053,1091496,-5010327,6165618,15230775,12222529,2135271,11601614,13833174,9807017,3627747,8765162,12911070
3H,Net Faaliyet Kar/Zararı,Net Operating Profits,KIMMR,2423838,2665010,8508077,3344739,6585131,10081059,13026487,1467847,3799535,5311316,10225161,7886520,13335486,27827831,3507985,15323428,20009126,17841643,5296177,12574438,19036871
3HA,Yatırım Faaliyetlerinden Gelirler,None,KIMMR,48250,89843,492477,19966,34697,52790,1337281,11175,46616,113515,2942052,184619,1809786,6088504,149014,523922,607058,5071181,25048,55753,218282
3HAA,Yatırım Faaliyetlerinden Giderler (-),None,KIMMR,0,0,0,0,0,0,0,0,0,0,0,-0,-5976,0,0,0,0,-54425,0,0,0
3HAB,Diğer Gelir ve Giderler,None,KIMMR,0,0,0,0,0,0,0,0,0,0,0,0,0,0,0,0,0,0,0,0,0
3HAC,Özkaynak Yöntemiyle Değerlenen Yatırımların Kar/Zararlarındaki Paylar,Profit (Loss) from Subsidiaries,KIMMR,0,0,0,0,0,0,0,0,0,0,0,0,0,0,0,0,0,0,0,0,0
3HACA,Finansman Gideri Öncesi Faaliyet Karı/Zararı,None,KIMMR,1060026,657384,4785793,1412901,1550857,2433519,5573789,152048,978668,1205012,-2068275,6350237,17034585,18311033,2284285,12125536,14440232,14823772,3652794,8820915,13129352
3HB,(Esas Faaliyet Dışı) Finansal Gelirler,Financial Income (from Other Operations),KIMMR,64630,161092,305683,240443,498288,862030,2613963,675798,1316509,1928238,4661732,1433902,3948199,7765094,1753171,5076684,8601967,11872928,2807201,5901917,9386177
3HC,(Esas Faaliyet Dışı) Finansal Giderler (-),Financial Expenses (from Other Operations) (-),KIMMR,-2109600,-2008665,-2647839,-609195,-1385855,-1948985,-5126299,-465880,-1132104,-1727374,-22728583,-8770132,-7168547,-1024846,232321,-3216660,-4198786,-6593986,-37747,-5042680,-7701620
3HCA,Vergi Öncesi Diğer Gelir ve Giderler,Other Income (Expenses) Before Tax,KIMMR,48250,89843,492477,19966,34697,52790,1337281,11175,46616,113515,2942052,184619,1803810,6088504,149014,523922,607058,5016755,25048,55753,218282
3I,SÜRDÜRÜLEN FAALİYETLER VERGİ ÖNCESİ KARI (ZARARI),PROFIT BEFORE TAX FROM CONTINUING OPERATIONS,KIMMR,-984944,-1190190,2443636,1044149,663289,1346564,3061453,361966,1163073,1405875,-20135126,-985993,13814237,25051281,4269777,13985560,18843413,20102713,6422248,9680152,14813908
3IA,Sürdürülen Faaliyetler Vergi Geliri (Gideri),Taxation on Continuing Operations,KIMMR,347075,79751,-283872,-289186,-207321,-459783,-774452,-59593,-210427,-223612,-2121561,149127,-5942414,-3489186,-2959152,-3879096,-6040821,-6710607,-3102246,-4749560,-7103768
3IB,Dönem Vergi Geliri (Gideri),Taxation on Income (Expenses),KIMMR,-150500,-228986,-562340,-349809,-703452,-1035783,-1350262,-250828,-555229,-736407,-2107205,-1071096,-1731262,-2576525,-717684,-1558306,-2477311,-3132963,-607585,-1595506,-2420054
3IC,Ertelenmiş Vergi Geliri (Gideri),Income (Expenses) of Deferred Tax,KIMMR,497575,308737,278469,60623,496130,576000,575810,191235,344803,512795,-14355,1220223,-4211152,-912661,-2241468,-2320790,-3563511,-3577643,-2494661,-3154054,-4683715
3ID,Diğer Vergi Geliri (Gideri),Other Taxation Income (Expenses),KIMMR,0,0,0,0,0,0,0,0,0,0,0,0,0,0,0,0,0,0,0,0,0
3J,SÜRDÜRÜLEN FAALİYETLER DÖNEM KARI/ZARARI,PROFIT FROM CONTINUING OPERATIONS,KIMMR,-637869,-1110438,2159765,754963,455968,886781,2287001,302373,952647,1182263,-22256687,-836866,7871823,21562095,1310625,10106464,12802591,13392107,3320002,4930592,7710140
3K,DURDURULAN FAALİYETLER,DISCONTINUED OPERATIONS,KIMMR,0,0,0,0,0,0,0,0,0,0,0,0,0,0,0,0,0,,0,0,0
3KA,Durdurulan Faaliyetler Vergi Sonrası Dönem Karı (Zararı),Profit After Taxes from Discontinued Operations,KIMMR,0,0,0,0,0,0,0,0,0,0,0,0,0,0,0,0,0,0,0,0,0
3L,DÖNEM KARI (ZARARI),NET PROFIT AFTER TAXES,KIMMR,-637869,-1110438,2159765,754963,455968,886781,2287001,302373,952647,1182263,-22256687,-836866,7871823,21562095,1310625,10106464,12802591,13392107,3320002,4930592,7710140
3LA,Dönem Kar/Zararının Dağılımı,Distrubition of Profit (Loss),KIMMR,0,0,0,0,0,0,0,0,0,0,0,0,0,0,0,0,0,,0,0,0
3LB,Azınlık Payları,Minority Interests,KIMMR,0,0,0,0,0,0,0,0,0,0,0,0,0,0,0,0,0,0,0,0,0
3Z,Ana Ortaklık Payları,Parent Shares,KIMMR,-637869,-1110438,2159765,754963,455968,886781,2287001,302373,952647,1182263,-22256687,-836866,7871823,21562095,1310625,10106464,12802591,13392107,3320002,4930592,7710140
3ZD,Hisse Başına Kazanç,Earnings per Share,KIMMR,-0,-0,0,0,0,0,0,0,0,0,0,0,0,0,0,0,0,0,0,0,0
3ZE,Seyreltilmiş Hisse Başına Kazanç,Diluted Earnings per Share,KIMMR,-0,-0,0,0,0,0,0,0,0,0,0,0,0,0,0,0,0,0,0,0,0
3ZF,Sürdürülen Faaliyetlerden Hisse Başına Kazanç,Earnings per Share from Continuing Operations,KIMMR,-0,-0,0,0,0,0,0,0,0,0,0,0,0,0,0,0,0,0,0,0,0
3ZG,Sürdürülen Faaliyetlerden Seyreltilmiş Hisse Başına Kazanç,Earnings per Share from Discontinued Operations,KIMMR,-0,-0,0,0,0,0,0,0,0,0,0,0,0,0,0,0,0,0,0,0,0
4B,Amortisman Giderleri,Depreciation & Amortization,KIMMR,1230615,1862922,2273853,649461,1275935,2021120,2612386,452438,894669,1319064,6426030,1393629,4318098,5640924,1059782,2329788,3711159,4814503,791967,1604122,2508538
4BA,Kıdem Tazminatı,Severance Payments,KIMMR,0,0,0,0,0,0,0,0,0,475484,1474869,0,1420544,1731731,312236,356429,371989,394727,437994,356615,437635
4BB,Finansman Giderleri,Financial Expenses,KIMMR,-2109600,-2008665,-2647839,-609195,-1385855,-1948985,-5126299,-465880,-1132104,-1727374,-22728583,-8770132,-7168547,-1024846,232321,-3216660,-4198786,-6593986,-37747,-5042680,-7701620
4BC,Yurtiçi Satışlar,Domestic Sales,KIMMR,74680187,0,140620912,35961530,77771337,0,146708827,32205288,70001860,107546467,296686593,97965742,306314266,401462816,91062480,185638868,288484758,386214987,88220435,171910580,275988361
4BD,Yurtdışı Satışlar,Export Sales,KIMMR,0,0,0,0,0,0,0,0,0,0,0,0,54386,53843,0,0,0,0,0,0,0
4BE,Net Yabancı Para Pozisyonu,Net Fx Position,KIMMR,0,0,85672,0,79430,35786,58425,52187,1231100,3553362,4280886,2207239,6025636,6129034,8540723,8684641,12338350,9748249,7658049,9890251,10156379
4BEA,Parasal net yabancı para varlık/(yükümlülük) pozisyonu,Parasal net yabancı para varlık/(yükümlülük) pozisyonu,KIMMR,0,0,75226,0,68397,18329,37632,37198,1215095,3536721,4254369,2186668,2852297,5017943,8497886,8634524,9118550,9683328,7611035,9829161,10112262
4BEB,Net YPP (Hedge Dahil),Net YPP (Hedge Dahil),KIMMR,0,0,85672,0,79430,35786,58425,52187,1231100,3553362,4280886,2207239,6025636,6129034,8540723,8684641,12338350,9748249,7658049,9890251,10156379
4C,İşletme Faaliyetlerinden Kaynaklanan Net Nakit,Net Cash from Operations,KIMMR,10898780,10408968,11298003,3069699,3608786,2054027,-545736,568051,5122798,4568918,-611525,2886529,19972142,28343862,3927732,23348253,23865819,25727073,5094483,12036761,18244927
4CA,Düzeltme Öncesi Kar,Earnings Before Adjustments,KIMMR,-637869,-1110438,2159765,754963,455968,886781,2287001,302373,952647,1182263,-22256687,-922108,7871823,21562095,1310625,10106464,12802591,13392107,3320002,4930592,7710140
4CAA,Düzeltmeler:,Adjustments:,KIMMR,1565279,3538419,4361203,1263297,2252996,3231097,2709415,774317,1501336,1793327,6289802,2681873,12113004,3766257,5727791,22177576,23956969,14200423,5423911,15822319,23398484
4CAB,Amortisman & İtfa Payları,Depreciation & Amortisation,KIMMR,1230615,1862922,2273853,649461,1275935,2021120,2612386,452438,894669,1319064,6426030,1393629,4318098,5640924,1059782,2329788,3711159,4814503,791967,1604122,2508538
4CAC,Karşılıklardaki Değişim,Change in Provisions,KIMMR,195022,491819,655303,272954,745673,984501,1705121,883997,1485423,2107165,5905599,976258,-3079177,-2191047,396079,297672,310111,158595,473162,371593,454166
4CAD,Diğer Gelir/ Gider,Other Income / Expense,KIMMR,139642,1183678,1432047,340882,231388,225476,-1608092,-562119,-878756,-1632902,-6041827,544562,11572826,1549985,4191858,6351147,9667382,9972289,4329195,8373160,12317600
4CAE,İşletme Sermayesinde Değişikler Öncesi Faaliyet Karı (+),Operating Profit Before Changes in Working Capital (+),KIMMR,927410,2427980,6520967,2018260,2708964,4117878,4996416,1076690,2453982,2975590,-15966885,1759765,19984827,25328352,7038417,32284039,36759560,27592530,8743913,20752911,31108624
4CAF,İşletme Sermayesindeki Değişiklikler,Change in Working Capital,KIMMR,10105586,7375861,5484816,1468734,1683961,-762749,-3961129,-147981,3332168,2617867,17983139,2174823,1345492,6503019,-1746208,-7259000,-10776317,1288644,-3448196,-6927171,-9471198
4CAG,Esas Faaliyet ile İlgili Oluşan Nakit (+),Cash from Core Operations (+),KIMMR,11032996,9803841,12005784,3486995,4392926,3355129,1035287,928709,5786150,5593456,2016255,3934588,21330319,31831371,5292209,25025040,25983243,28881174,5295717,13825740,21637426
4CAH,Diğer İşletme Faaliyetlerinden Nakit,Cash from Other Operations,KIMMR,-134216,605127,-707781,-417296,-784140,-1301103,-1581023,-360658,-663352,-1024538,-2627779,-1048059,-1358177,-3487509,-1364477,-1676787,-2117424,-3154101,-201235,-1788978,-3392499
4CAI,Sabit Sermaye Yatırımları,Capital Expenditures (CapEx),KIMMR,-1645165,-2108569,-2469818,-765137,-48132,-124884,-3979728,-415881,-4680214,-5442007,-5152425,-475927,-9534509,-10833582,-202737,-1120035,-1626086,-6217845,-285158,-495728,-1789231
4CAJ,Diğer Yatırım Faaliyetlerinden Nakit,Cash from Other Investment Operations,KIMMR,0,0,0,0,-2020359,-3449003,0,0,0,-1233561,-8057244,206841,-918578,-638817,1721680,802806,845457,830200,-4544797,-4846700,-12985180
4CAK,Yatırım Faaliyetlerinden Kaynaklanan Nakit,Cash from Investment Operations,KIMMR,-1645165,-2108569,-2469818,-765137,-2068491,-3573887,-3979728,-415881,-4680214,-6675569,-13209669,-269086,-10453087,-11472399,1518944,-317230,-780629,-5387645,-4829955,-5342428,-14774411
4CB,Serbest Nakit Akım,Free Cash Flow,KIMMR,9253615,8300399,8828184,2304562,1540294,-1519860,-4525464,152170,442583,-2106650,-13821194,2617443,9519055,16871463,5446676,23031023,23085190,20339428,264528,6694334,3470515
4CBA,Finansal Borçlardaki Değişim,Change in Financial Debt,KIMMR,-386043,-727380,-735961,-1280357,-1469757,-1701093,-1817782,-234280,339234,855231,-753509,514304,-3920042,-4873965,-1946461,-2730673,-5075037,-5866679,-4364934,-3064210,-4584685
4CBB,Temettü Ödemeleri,Dividends Paid,KIMMR,0,0,0,0,0,0,0,0,0,0,0,0,0,0,0,0,0,0,0,0,0
4CBC,Sermaye Artırımı,Rights Issue,KIMMR,0,0,0,0,0,28072664,25489780,0,0,0,0,0,0,0,0,0,0,0,0,0,0
4CBD,Diğer Finansman Faaliyetlerinden Nakit,Cash from Other Financial Operations,KIMMR,-1193083,-1328620,-1595960,-60359,-36573,213806,1085956,617711,1057954,1814148,0,-166360,-650138,-309913,-238523,-233534,-239856,-13433,0,0,0
4CBE,Finansman Faaliyetlerden Kaynaklanan Nakit,Cash from Financial Operations,KIMMR,-1579126,-2055999,-2331921,-1340717,-1506330,26585377,24757953,383431,1397188,2669379,-753509,347944,-4570180,-5183878,-2184984,-2964207,-5314893,-5880112,-4364934,-3064210,-4584685
4CBF,Yab. Para Çev. Fark. Etk. Önc.Nak.Ve Nak. Benz. Net Artış/Azalış,Cash Net Inc. / Dec. before For.Cur. Trans. Dif.,KIMMR,7674490,6244400,6496263,963845,33964,25065517,20232489,535601,1839772,562729,-14574703,2965387,4948875,11687585,3261692,20066816,17770297,14459316,-4100407,3630123,-1114170
4CBG,Yab.ı Para Çevrim Fark. Nakit Ve Nakit Benz. Üzerindeki Etkisi,Foreign Curr. Trans.Diff.Cash and Cash Benz. Imp.,KIMMR,0,0,0,0,0,0,0,0,0,0,0,0,0,0,0,0,0,0,0,0,0
4CBH,Diğer Nakit Girişi/Çıkışı,Other Cash Inflow/Outflow,KIMMR,0,0,0,0,0,0,0,0,0,0,0,0,0,0,0,0,0,0,0,0,0
4CBI,Nakit ve Benzerlerindeki Değişim,Change in Cash & Cash Equivalents,KIMMR,7674490,6244400,6496263,963845,33964,25065517,20232489,535601,1839772,562729,-14574703,2965387,4948875,11687585,3261692,20066816,17770297,14459316,-4100407,3630123,-1114170
4CBJ,Diğer Nakit ve Nakit Benzerlerindeki Artış,Other Cash & Cash Equivalents Change,KIMMR,0,0,0,0,0,0,0,0,0,0,0,0,0,0,0,0,0,0,0,0,0
4CBK,Dönem Başı Nakit Değerler,Cash at the beginning of the Quarter,KIMMR,3719709,3579197,3429937,9420099,8841357,8607735,7815762,17916002,16816125,15731334,40781530,26517722,26648653,26382811,32249152,33471116,35249358,34613260,39043186,40032453,41751844
4CBL,Dönem Sonu Nakit,Cash at the End of the Quarter,KIMMR,11394199,9823597,9926200,10383944,8875322,33673252,28048251,18451603,18655897,16294063,26206827,29483109,31597528,38070396,35510843,39936595,42184799,49072576,34942780,37941518,32172907
